Workbook
Name Calendar: Calendar!$A$2:$G$27
Name CalendarEventNumbers: Calendar!$A$2:$A$27
Name ClubNames: NameLookup!$B$2:$B$402
Name ClubNumbers: NameLookup!$A$2:$A$402
Name MemberData: Event_01!$H$2
Name NonTenEvents: Calendar!$J$2:$J$27
Name Number2Name: NameLookup!$A$2:$B$402
Name RoundRobinNameToClub: RoundRobinRiders!$A$4:$C$33
Name RoundRobinNameToClubRange: RoundRobinRiders!$A$4:$C$229
Name RoundRobinRiderClubs: RoundRobinRiders!$B:$B
Name RoundRobinRiderDecoratedNames: RoundRobinRiders!$C:$C
Name RoundRobinRiderNames: RoundRobinRiders!$A:$A
Name TenMileEvents: Calendar!$K$2:$K$27

Sheet Revisions
A1: 42404 | B1: Mike Ives | C1: Prepared for 2016 season
A2: 45949 | B2: Mike Ives | C2: Created this from the old fully-functional "25 club championship.xlsm"
C3: Removed league and championship sheets - retained just the event sheets
C4: Remove calculated columns from the event sheets
C5: Retains calendar sheet, though I expect this will change
C6: WVCCData sheet is present but needs to be replace by the data from competitors_2025.csv as generated by the private github pipeline from membership .XLSX
A7: 45954 | B7: Mike Ives | C7: Some work on Calendar. Sheets renamed to Event_nn and Hill Climb (seconds have fractions) moved to be Event_01. New column in Calendar sheet indicates which Event_nn sheet is applicable. New isCancelled column added too.
A8: 46026 | B8: Mike Ives | C8: Updated with emailed sheet from Jon Durnin ("C:\Users\Mike\Dropbox\WVCC Results\Excel\2026\WVCC TT Events 2026 030126.xlsx").
C9: Updated formulas for calculating IsTen or not to look to see if there's a formula used. Hence =5+5 is seen as a non standard-ten
A10: 46046 | B10: Mike Ives | C10: Changed event sheets to use a formula in column A. Enter the actual name in column J instead and the formula will get the Club Number for members, or add the Club Name for Round Robin Riders
C11: =IF(J2="","",XLOOKUP(J2,ClubNames,ClubNumbers,XLOOKUP(J2,RoundRobinRiderNames,RoundRobinRiderDecoratedNames,J2)))
C12: If a RR rider from another club enters events *before* they join that other club, then simply overwrite the formula in column A for that rider - use the name string wanted in the results html.

Sheet Competitors
A1: ClubNumber | B1: Surname | C1: GivenName | D1: ClaimStatus | E1: isFemale | F1: AgeGroup | G1: VetsBucket | H1: ImportDate
A2: 1327 | B2: Abbott | C2: James | D2: First Claim | E2: FALSE | F2: Senior | H2: 46236
A3: 1237 | B3: Abbott | C3: John | D3: First Claim | E3: FALSE | F3: Veteran | G3: 1 | H3: 46236
A4: 819 | B4: Akoslovski | C4: Kath | D4: First Claim | E4: TRUE | F4: Veteran | G4: 23 | H4: 46236
A5: 2 | B5: Alden | C5: Steve | D5: First Claim | E5: FALSE | F5: Veteran | G5: 21 | H5: 46236
A6: 1370 | B6: Aldridge | C6: Ian | D6: First Claim | E6: FALSE | F6: Veteran | G6: 4 | H6: 46236
A7: 1415 | B7: Aldridge | C7: James | D7: First Claim | E7: FALSE | F7: Juvenile | H7: 46236
A8: 1286 | B8: Allen | C8: Ian | D8: First Claim | E8: FALSE | F8: Veteran | G8: 13 | H8: 46236
A9: 1381 | B9: Allen | C9: Roland | D9: First Claim | E9: FALSE | F9: Senior | H9: 46236
A10: 1112 | B10: Ashwell | C10: Gary | D10: First Claim | E10: FALSE | F10: Veteran | G10: 16 | H10: 46236
A11: 1135 | B11: Askham | C11: Simon | D11: First Claim | E11: FALSE | F11: Veteran | G11: 1 | H11: 46236
A12: 1430 | B12: Bacon | C12: Gary | D12: First Claim | E12: FALSE | F12: Veteran | G12: 4 | H12: 46236
A13: 982 | B13: Bacon | C13: Steve | D13: First Claim | E13: FALSE | F13: Veteran | G13: 22 | H13: 46236
A14: 1328 | B14: Bailey | C14: Shaun | D14: First Claim | E14: FALSE | F14: Veteran | G14: 4 | H14: 46236
A15: 369 | B15: Barnett | C15: Dean | D15: First Claim | E15: FALSE | F15: Veteran | G15: 8 | H15: 46236
A16: 7 | B16: Barnett | C16: Vic | D16: Honorary | E16: FALSE | F16: Veteran | G16: 32 | H16: 46236
A17: 473 | B17: Barnett | C17: George | D17: Honorary | E17: FALSE | F17: Veteran | G17: 33 | H17: 46236
A18: 1384 | B18: Barrett | C18: Paul | D18: First Claim | E18: FALSE | F18: Veteran | G18: 30 | H18: 46236
A19: 1348 | B19: Baxter | C19: Lydia | D19: Second Claim | E19: TRUE | F19: Senior | H19: 46236
A20: 1275 | B20: Baxter | C20: Sylvia | D20: First Claim | E20: TRUE | F20: Juvenile | H20: 46236
A21: 68 | B21: Beach | C21: Ronald | D21: Honorary | E21: FALSE | F21: Veteran | G21: 35 | H21: 46236
A22: 1035 | B22: Bell | C22: Peter | D22: First Claim | E22: FALSE | F22: Veteran | G22: 6 | H22: 46236
A23: 1416 | B23: Bellamy | C23: Henry | D23: First Claim | E23: FALSE | F23: Senior | H23: 46236
A24: 1326 | B24: Bennis | C24: Laoise | D24: First Claim | E24: TRUE | F24: Senior | H24: 46236
A25: 1431 | B25: Bewick | C25: Angela | D25: First Claim | E25: TRUE | F25: Veteran | G25: 11 | H25: 46236
A26: 477 | B26: Birch | C26: Carol | D26: First Claim | E26: TRUE | F26: Veteran | G26: 34 | H26: 46236
A27: 10 | B27: Birch | C27: Dave | D27: Honorary | E27: FALSE | F27: Veteran | G27: 35 | H27: 46236
A28: 1414 | B28: Boney | C28: Allen | D28: First Claim | E28: FALSE | F28: Veteran | G28: 13 | H28: 46236
A29: 1029 | B29: Bowie | C29: Victor | D29: First Claim | E29: FALSE | F29: Veteran | G29: 28 | H29: 46236
A30: 13 | B30: Bramford | C30: Paul | D30: First Claim | E30: FALSE | F30: Veteran | G30: 28 | H30: 46236
A31: 1255 | B31: Bridgstock | C31: Anne | D31: First Claim | E31: TRUE | F31: Veteran | G31: 13 | H31: 46236
A32: 1405 | B32: Brinkman | C32: Elise | D32: First Claim | E32: TRUE | F32: Juvenile | H32: 46236
A33: 1421 | B33: Brown | C33: Gill | D33: First Claim | E33: TRUE | F33: Veteran | G33: 12 | H33: 46236
A34: 1418 | B34: Brown | C34: James | D34: First Claim | E34: FALSE | F34: Senior | H34: 46236
A35: 919 | B35: Brundell | C35: Paul | D35: First Claim | E35: FALSE | F35: Veteran | G35: 16 | H35: 46236
A36: 1436 | B36: Burbery | C36: Shaun | D36: First Claim | E36: FALSE | F36: Veteran | G36: 14 | H36: 46236
A37: 1319 | B37: Burgess | C37: Steve | D37: First Claim | E37: FALSE | F37: Veteran | G37: 9 | H37: 46236
A38: 1190 | B38: Burke | C38: Jacob | D38: First Claim | E38: FALSE | F38: Juvenile | H38: 46236
A39: 1189 | B39: Burke | C39: Max | D39: First Claim | E39: FALSE | F39: Juvenile | H39: 46236
A40: 735 | B40: Burke | C40: Michael | D40: Second Claim | E40: FALSE | F40: Senior | H40: 46236
A41: 1389 | B41: Campbell | C41: Billy | D41: First Claim | E41: FALSE | F41: Senior | H41: 46236
A42: 940 | B42: Chapman | C42: Alison | D42: First Claim | E42: TRUE | F42: Veteran | G42: 9 | H42: 46236
A43: 806 | B43: Chapman | C43: Mark | D43: First Claim | E43: FALSE | F43: Veteran | G43: 11 | H43: 46236
A44: 482 | B44: Clarke | C44: Nick | D44: First Claim | E44: FALSE | F44: Veteran | G44: 13 | H44: 46236
A45: 674 | B45: Clegg | C45: Jennifer | D45: Second Claim | E45: TRUE | F45: Veteran | G45: 23 | H45: 46236
A46: 1061 | B46: Collis | C46: Daryl | D46: First Claim | E46: FALSE | F46: Veteran | G46: 19 | H46: 46236
A47: 763 | B47: Condon | C47: Peter | D47: First Claim | E47: FALSE | F47: Veteran | G47: 17 | H47: 46236
A48: 1227 | B48: Copson | C48: Yvonne | D48: First Claim | E48: TRUE | F48: Veteran | G48: 8 | H48: 46236
A49: 715 | B49: Coulam | C49: Steven | D49: First Claim | E49: FALSE | F49: Veteran | G49: 5 | H49: 46236
A50: 567 | B50: Cox | C50: Lawrence | D50: First Claim | E50: FALSE | F50: Veteran | G50: 7 | H50: 46236
A51: 1391 | B51: Cuthbertson | C51: Leah | D51: Second Claim | E51: TRUE | F51: Senior | H51: 46236
A52: 704 | B52: Dainty | C52: Chris | D52: First Claim | E52: FALSE | F52: Veteran | G52: 21 | H52: 46236
A53: 1283 | B53: Dare | C53: Martin | D53: First Claim | E53: FALSE | F53: Veteran | G53: 18 | H53: 46236
A54: 295 | B54: Dawkins | C54: Stuart | D54: First Claim | E54: FALSE | F54: Veteran | G54: 15 | H54: 46236
A55: 1226 | B55: Dhillon | C55: Navpreet | D55: First Claim | E55: TRUE | F55: Senior | H55: 46236
A56: 1333 | B56: Dickens | C56: Graham | D56: First Claim | E56: FALSE | F56: Veteran | G56: 3 | H56: 46236
A57: 1185 | B57: Dixey | C57: Isabelle | D57: First Claim | E57: TRUE | F57: Juvenile | H57: 46236
A58: 1065 | B58: Dixey | C58: Simon | D58: First Claim | E58: FALSE | F58: Veteran | G58: 1 | H58: 46236
A59: 1407 | B59: Dobson | C59: Colin | D59: First Claim | E59: FALSE | F59: Senior | H59: 46236
A60: 701 | B60: Doherty | C60: Neil | D60: First Claim | E60: FALSE | F60: Veteran | G60: 4 | H60: 46236
A61: 1096 | B61: Durnin | C61: Nathan | D61: First Claim | E61: FALSE | F61: Juvenile | H61: 46236
A62: 1236 | B62: Durnin | C62: Clare | D62: First Claim | E62: TRUE | F62: Veteran | G62: 5 | H62: 46236
A63: 699 | B63: Durnin | C63: Jonathan | D63: First Claim | E63: FALSE | F63: Veteran | G63: 5 | H63: 46236
A64: 1288 | B64: Dyson | C64: Tyler | D64: First Claim | E64: FALSE | F64: Juvenile | H64: 46236
A65: 1429 | B65: Dyson | C65: Theo | D65: First Claim | E65: FALSE | F65: Juvenile | H65: 46236
A66: 1000 | B66: Easton | C66: Ashley | D66: First Claim | E66: FALSE | F66: Senior | H66: 46236
A67: 1332 | B67: Eaton | C67: Jo | D67: First Claim | E67: TRUE | F67: Senior | H67: 46236
A68: 682 | B68: Edmonds | C68: Lee | D68: First Claim | E68: FALSE | F68: Veteran | G68: 11 | H68: 46236
A69: 1393 | B69: Ellis | C69: Sally | D69: First Claim | E69: TRUE | F69: Veteran | G69: 10 | H69: 46236
A70: 1355 | B70: Elmer | C70: Aubrey | D70: First Claim | E70: FALSE | F70: Juvenile | H70: 46236
A71: 1164 | B71: Evans | C71: Harriet | D71: Second Claim | E71: TRUE | F71: Senior | H71: 46236
A72: 1062 | B72: Evans | C72: Mark | D72: First Claim | E72: FALSE | F72: Veteran | G72: 9 | H72: 46236
A73: 938 | B73: Evans | C73: Jane | D73: First Claim | E73: TRUE | F73: Veteran | G73: 7 | H73: 46236
A74: 1427 | B74: Evans | C74: Ruth | D74: First Claim | E74: TRUE | F74: Veteran | G74: 16 | H74: 46236
A75: 1034 | B75: Fiddy | C75: Mark | D75: First Claim | E75: FALSE | F75: Senior | H75: 46236
A76: 1402 | B76: Fisher | C76: Neil | D76: First Claim | E76: FALSE | F76: Veteran | G76: 7 | H76: 46236
A77: 939 | B77: Foreman | C77: Sally | D77: First Claim | E77: TRUE | F77: Veteran | G77: 12 | H77: 46236
A78: 1377 | B78: Fraser | C78: Lucy | D78: First Claim | E78: TRUE | F78: Veteran | G78: 12 | H78: 46236
A79: 1281 | B79: Garner | C79: Gerald | D79: First Claim | E79: FALSE | F79: Veteran | G79: 19 | H79: 46236
A80: 933 | B80: Grandidge | C80: Ed | D80: First Claim | E80: FALSE | F80: Senior | H80: 46236
A81: 1274 | B81: Gowers | C81: Sophia | D81: First Claim | E81: TRUE | F81: Senior | H81: 46236
A82: 493 | B82: Halls | C82: George | D82: Honorary | E82: FALSE | F82: Veteran | G82: 37 | H82: 46236
A83: 1279 | B83: Hanner | C83: Jeffrey | D83: First Claim | E83: FALSE | F83: Veteran | G83: 4 | H83: 46236
A84: 1193 | B84: Hardwicke | C84: Richard | D84: First Claim | E84: FALSE | F84: Senior | H84: 46236
A85: 1194 | B85: Hardwicke | C85: Alex | D85: First Claim | E85: TRUE | F85: Senior | H85: 46236
A86: 1196 | B86: Hardwicke | C86: Daniel | D86: First Claim | E86: FALSE | F86: Juvenile | H86: 46236
A87: 1195 | B87: Hardwicke | C87: Charlie | D87: First Claim | E87: FALSE | F87: Juvenile | H87: 46236
A88: 1176 | B88: Harrison | C88: Rory | D88: First Claim | E88: FALSE | F88: Juvenile | H88: 46236
A89: 1174 | B89: Harrison | C89: Claire | D89: First Claim | E89: TRUE | F89: Veteran | G89: 6 | H89: 46236
A90: 1175 | B90: Harrison | C90: Richard | D90: First Claim | E90: FALSE | F90: Veteran | G90: 12 | H90: 46236
A91: 1109 | B91: Haycox | C91: Stuart | D91: First Claim | E91: FALSE | F91: Senior | H91: 46236
A92: 1073 | B92: Heald | C92: Richard | D92: First Claim | E92: FALSE | F92: Veteran | G92: 3 | H92: 46236
A93: 1400 | B93: Hernandez | C93: Elgar Aguilar | D93: First Claim | E93: FALSE | F93: Senior | H93: 46236
A94: 1367 | B94: Henderson | C94: Daniel | D94: First Claim | E94: FALSE | F94: Juvenile | H94: 46236
A95: 1366 | B95: Henderson | C95: Hannah | D95: First Claim | E95: TRUE | F95: Senior | H95: 46236
A96: 1365 | B96: Henderson | C96: Helen | D96: First Claim | E96: TRUE | F96: Veteran | G96: 7 | H96: 46236
A97: 897 | B97: Henderson | C97: Marc | D97: First Claim | E97: FALSE | F97: Veteran | G97: 13 | H97: 46236
A98: 1308 | B98: Herring | C98: Alice | D98: First Claim | E98: TRUE | F98: Veteran | G98: 2 | H98: 46236
A99: 1206 | B99: Hill | C99: Joy | D99: First Claim | E99: TRUE | F99: Veteran | G99: 8 | H99: 46236
A100: 1205 | B100: Hill | C100: Dave | D100: First Claim | E100: FALSE | F100: Veteran | G100: 14 | H100: 46236
...

Sheet 0307_competitors_2026
A1: ClubNumber | B1: Surname | C1: GivenName | D1: ClaimStatus | E1: isFemale | F1: AgeGroup | G1: VetsBucket | H1: ImportDate
A2: 1327 | B2: Abbott | C2: James | D2: First Claim | E2: FALSE | F2: Senior | H2: 46088
A3: 1237 | B3: Abbott | C3: John | D3: First Claim | E3: FALSE | F3: Veteran | G3: 1 | H3: 46088
A4: 819 | B4: Akoslovski | C4: Kath | D4: First Claim | E4: TRUE | F4: Veteran | G4: 23 | H4: 46088
A5: 2 | B5: Alden | C5: Steve | D5: First Claim | E5: FALSE | F5: Veteran | G5: 21 | H5: 46088
A6: 1370 | B6: Aldridge | C6: Ian | D6: First Claim | E6: FALSE | F6: Veteran | G6: 4 | H6: 46088
A7: 1415 | B7: Aldridge | C7: James | D7: First Claim | E7: FALSE | F7: Juvenile | H7: 46088
A8: 1286 | B8: Allen | C8: Ian | D8: First Claim | E8: FALSE | F8: Veteran | G8: 13 | H8: 46088
A9: 1381 | B9: Allen | C9: Roland | D9: First Claim | E9: FALSE | F9: Senior | H9: 46088
A10: 1135 | B10: Askham | C10: Simon | D10: First Claim | E10: FALSE | F10: Veteran | G10: 1 | H10: 46088
A11: 982 | B11: Bacon | C11: Steve | D11: First Claim | E11: FALSE | F11: Veteran | G11: 22 | H11: 46088
A12: 1328 | B12: Bailey | C12: Shaun | D12: First Claim | E12: FALSE | F12: Veteran | G12: 4 | H12: 46088
A13: 369 | B13: Barnett | C13: Dean | D13: First Claim | E13: FALSE | F13: Veteran | G13: 8 | H13: 46088
A14: 7 | B14: Barnett | C14: Vic | D14: Honorary | E14: FALSE | F14: Veteran | G14: 32 | H14: 46088
A15: 473 | B15: Barnett | C15: George | D15: Honorary | E15: FALSE | F15: Veteran | G15: 33 | H15: 46088
A16: 1384 | B16: Barrett | C16: Paul | D16: First Claim | E16: FALSE | F16: Veteran | G16: 30 | H16: 46088
A17: 1348 | B17: Baxter | C17: Lydia | D17: Second Claim | E17: TRUE | F17: Senior | H17: 46088
A18: 1275 | B18: Baxter | C18: Sylvia | D18: First Claim | E18: TRUE | F18: Juvenile | H18: 46088
A19: 68 | B19: Beach | C19: Ronald | D19: Honorary | E19: FALSE | F19: Veteran | G19: 35 | H19: 46088
A20: 1035 | B20: Bell | C20: Peter | D20: First Claim | E20: FALSE | F20: Veteran | G20: 6 | H20: 46088
A21: 1326 | B21: Bennis | C21: Laoise | D21: First Claim | E21: TRUE | F21: Senior | H21: 46088
A22: 477 | B22: Birch | C22: Carol | D22: First Claim | E22: TRUE | F22: Veteran | G22: 34 | H22: 46088
A23: 10 | B23: Birch | C23: Dave | D23: Honorary | E23: FALSE | F23: Veteran | G23: 35 | H23: 46088
A24: 1414 | B24: Boney | C24: Allen | D24: First Claim | E24: FALSE | F24: Veteran | G24: 13 | H24: 46088
A25: 1029 | B25: Bowie | C25: Victor | D25: First Claim | E25: FALSE | F25: Veteran | G25: 28 | H25: 46088
A26: 13 | B26: Bramford | C26: Paul | D26: First Claim | E26: FALSE | F26: Veteran | G26: 28 | H26: 46088
A27: 1255 | B27: Bridgstock | C27: Anne | D27: First Claim | E27: TRUE | F27: Veteran | G27: 13 | H27: 46088
A28: 1405 | B28: Brinkman | C28: Elise | D28: First Claim | E28: TRUE | F28: Juvenile | H28: 46088
A29: 919 | B29: Brundell | C29: Paul | D29: First Claim | E29: FALSE | F29: Veteran | G29: 16 | H29: 46088
A30: 1319 | B30: Burgess | C30: Steve | D30: First Claim | E30: FALSE | F30: Veteran | G30: 9 | H30: 46088
A31: 1389 | B31: Campbell | C31: Billy | D31: First Claim | E31: FALSE | F31: Senior | H31: 46088
A32: 482 | B32: Clarke | C32: Nick | D32: First Claim | E32: FALSE | F32: Veteran | G32: 13 | H32: 46088
A33: 674 | B33: Clegg | C33: Jennifer | D33: Second Claim | E33: TRUE | F33: Veteran | G33: 23 | H33: 46088
A34: 1061 | B34: Collis | C34: Daryl | D34: First Claim | E34: FALSE | F34: Veteran | G34: 19 | H34: 46088
A35: 763 | B35: Condon | C35: Peter | D35: First Claim | E35: FALSE | F35: Veteran | G35: 17 | H35: 46088
A36: 1227 | B36: Copson | C36: Yvonne | D36: First Claim | E36: TRUE | F36: Veteran | G36: 8 | H36: 46088
A37: 715 | B37: Coulam | C37: Steven | D37: First Claim | E37: FALSE | F37: Veteran | G37: 5 | H37: 46088
A38: 567 | B38: Cox | C38: Lawrence | D38: First Claim | E38: FALSE | F38: Veteran | G38: 7 | H38: 46088
A39: 1391 | B39: Cuthbertson | C39: Leah | D39: First Claim | E39: TRUE | F39: Senior | H39: 46088
A40: 704 | B40: Dainty | C40: Chris | D40: First Claim | E40: FALSE | F40: Veteran | G40: 21 | H40: 46088
A41: 1283 | B41: Dare | C41: Martin | D41: First Claim | E41: FALSE | F41: Veteran | G41: 18 | H41: 46088
A42: 295 | B42: Dawkins | C42: Stuart | D42: First Claim | E42: FALSE | F42: Veteran | G42: 15 | H42: 46088
A43: 1226 | B43: Dhillon | C43: Navpreet | D43: First Claim | E43: TRUE | F43: Senior | H43: 46088
A44: 1185 | B44: Dixey | C44: Isabelle | D44: First Claim | E44: TRUE | F44: Juvenile | H44: 46088
A45: 1065 | B45: Dixey | C45: Simon | D45: First Claim | E45: FALSE | F45: Veteran | G45: 1 | H45: 46088
A46: 1407 | B46: Dobson | C46: Colin | D46: First Claim | E46: FALSE | F46: Senior | H46: 46088
A47: 1096 | B47: Durnin | C47: Nathan | D47: First Claim | E47: FALSE | F47: Juvenile | H47: 46088
A48: 1236 | B48: Durnin | C48: Clare | D48: First Claim | E48: TRUE | F48: Veteran | G48: 5 | H48: 46088
A49: 699 | B49: Durnin | C49: Jonathan | D49: First Claim | E49: FALSE | F49: Veteran | G49: 5 | H49: 46088
A50: 1000 | B50: Easton | C50: Ashley | D50: First Claim | E50: FALSE | F50: Senior | H50: 46088
A51: 1332 | B51: Eaton | C51: Jo | D51: First Claim | E51: TRUE | F51: Senior | H51: 46088
A52: 682 | B52: Edmonds | C52: Lee | D52: First Claim | E52: FALSE | F52: Veteran | G52: 11 | H52: 46088
A53: 1393 | B53: Ellis | C53: Sally | D53: First Claim | E53: TRUE | F53: Veteran | G53: 10 | H53: 46088
A54: 1355 | B54: Elmer | C54: Aubrey | D54: First Claim | E54: FALSE | F54: Juvenile | H54: 46088
A55: 1164 | B55: Evans | C55: Harriet | D55: Second Claim | E55: TRUE | F55: Senior | H55: 46088
A56: 1062 | B56: Evans | C56: Mark | D56: First Claim | E56: FALSE | F56: Veteran | G56: 9 | H56: 46088
A57: 938 | B57: Evans | C57: Jane | D57: First Claim | E57: TRUE | F57: Veteran | G57: 7 | H57: 46088
A58: 1034 | B58: Fiddy | C58: Mark | D58: First Claim | E58: FALSE | F58: Senior | H58: 46088
A59: 1402 | B59: Fisher | C59: Neil | D59: First Claim | E59: FALSE | F59: Veteran | G59: 7 | H59: 46088
A60: 939 | B60: Foreman | C60: Sally | D60: First Claim | E60: TRUE | F60: Veteran | G60: 12 | H60: 46088
A61: 1377 | B61: Fraser | C61: Lucy | D61: First Claim | E61: TRUE | F61: Veteran | G61: 12 | H61: 46088
A62: 1281 | B62: Garner | C62: Gerald | D62: First Claim | E62: FALSE | F62: Veteran | G62: 19 | H62: 46088
A63: 933 | B63: Grandidge | C63: Ed | D63: First Claim | E63: FALSE | F63: Senior | H63: 46088
A64: 1274 | B64: Gowers | C64: Sophia | D64: First Claim | E64: TRUE | F64: Senior | H64: 46088
A65: 493 | B65: Halls | C65: George | D65: Honorary | E65: FALSE | F65: Veteran | G65: 37 | H65: 46088
A66: 1279 | B66: Hanner | C66: Jeffrey | D66: First Claim | E66: FALSE | F66: Veteran | G66: 4 | H66: 46088
A67: 1193 | B67: Hardwicke | C67: Richard | D67: First Claim | E67: FALSE | F67: Senior | H67: 46088
A68: 1194 | B68: Hardwicke | C68: Alex | D68: First Claim | E68: TRUE | F68: Senior | H68: 46088
A69: 1196 | B69: Hardwicke | C69: Daniel | D69: First Claim | E69: FALSE | F69: Juvenile | H69: 46088
A70: 1195 | B70: Hardwicke | C70: Charlie | D70: First Claim | E70: FALSE | F70: Juvenile | H70: 46088
A71: 1176 | B71: Harrison | C71: Rory | D71: First Claim | E71: FALSE | F71: Juvenile | H71: 46088
A72: 1174 | B72: Harrison | C72: Claire | D72: First Claim | E72: TRUE | F72: Veteran | G72: 6 | H72: 46088
A73: 1175 | B73: Harrison | C73: Richard | D73: First Claim | E73: FALSE | F73: Veteran | G73: 12 | H73: 46088
A74: 1109 | B74: Haycox | C74: Stuart | D74: First Claim | E74: FALSE | F74: Senior | H74: 46088
A75: 1073 | B75: Heald | C75: Richard | D75: First Claim | E75: FALSE | F75: Veteran | G75: 3 | H75: 46088
A76: 1400 | B76: Hernandez | C76: Elgar Aguilar | D76: First Claim | E76: FALSE | F76: Senior | H76: 46088
A77: 1367 | B77: Henderson | C77: Daniel | D77: First Claim | E77: FALSE | F77: Juvenile | H77: 46088
A78: 1366 | B78: Henderson | C78: Hannah | D78: First Claim | E78: TRUE | F78: Senior | H78: 46088
A79: 1365 | B79: Henderson | C79: Helen | D79: First Claim | E79: TRUE | F79: Veteran | G79: 7 | H79: 46088
A80: 897 | B80: Henderson | C80: Marc | D80: First Claim | E80: FALSE | F80: Veteran | G80: 13 | H80: 46088
A81: 1308 | B81: Herring | C81: Alice | D81: First Claim | E81: TRUE | F81: Veteran | G81: 2 | H81: 46088
A82: 1206 | B82: Hill | C82: Joy | D82: First Claim | E82: TRUE | F82: Veteran | G82: 8 | H82: 46088
A83: 1205 | B83: Hill | C83: Dave | D83: First Claim | E83: FALSE | F83: Veteran | G83: 14 | H83: 46088
A84: 1406 | B84: Hinxman | C84: Gavin | D84: First Claim | E84: FALSE | F84: Veteran | G84: 9 | H84: 46088
A85: 1182 | B85: Holman | C85: Neil | D85: First Claim | E85: FALSE | F85: Veteran | G85: 8 | H85: 46088
A86: 1340 | B86: Holmes | C86: Cristian | D86: First Claim | E86: FALSE | F86: Veteran | G86: 8 | H86: 46088
A87: 21 | B87: Holton | C87: Wayne | D87: First Claim | E87: FALSE | F87: Senior | H87: 46088
A88: 1049 | B88: Hopwood | C88: Duncan | D88: First Claim | E88: FALSE | F88: Veteran | G88: 19 | H88: 46088
A89: 120 | B89: Hubbard | C89: Linda | D89: First Claim | E89: TRUE | F89: Veteran | G89: 12 | H89: 46088
A90: 1395 | B90: Human | C90: Freya | D90: First Claim | E90: TRUE | F90: Juvenile | H90: 46088
A91: 1158 | B91: Humphries | C91: Eleanor | D91: First Claim | E91: TRUE | F91: Senior | H91: 46088
A92: 23 | B92: Hyde | C92: Chris | D92: First Claim | E92: FALSE | F92: Veteran | G92: 10 | H92: 46088
A93: 1152 | B93: Isaac | C93: Ruby | D93: First Claim | E93: TRUE | F93: Junior | H93: 46088
A94: 581 | B94: Ives | C94: Mike | D94: First Claim | E94: FALSE | F94: Veteran | G94: 13 | H94: 46088
A95: 1374 | B95: Jackson-Bream | C95: Will | D95: First Claim | E95: FALSE | F95: Senior | H95: 46088
A96: 25 | B96: James | C96: Mitchell | D96: First Claim | E96: FALSE | F96: Veteran | G96: 8 | H96: 46088
A97: 415 | B97: Kershaw | C97: Nik | D97: First Claim | E97: FALSE | F97: Veteran | G97: 6 | H97: 46088
A98: 1144 | B98: Kershaw | C98: Jamie | D98: Second Claim | E98: FALSE | F98: Junior | H98: 46088
A99: 203 | B99: Killworth | C99: Adrian | D99: First Claim | E99: FALSE | F99: Veteran | G99: 9 | H99: 46088
A100: 956 | B100: King | C100: Steven | D100: First Claim | E100: FALSE | F100: Veteran | G100: 13 | H100: 46088
...

Sheet 0310_competitors_2026
A1: ClubNumber | B1: Surname | C1: GivenName | D1: ClaimStatus | E1: isFemale | F1: AgeGroup | G1: VetsBucket | H1: ImportDate
A2: 1327 | B2: Abbott | C2: James | D2: First Claim | E2: FALSE | F2: Senior | H2: 46091
A3: 1237 | B3: Abbott | C3: John | D3: First Claim | E3: FALSE | F3: Veteran | G3: 1 | H3: 46091
A4: 819 | B4: Akoslovski | C4: Kath | D4: First Claim | E4: TRUE | F4: Veteran | G4: 23 | H4: 46091
A5: 2 | B5: Alden | C5: Steve | D5: First Claim | E5: FALSE | F5: Veteran | G5: 21 | H5: 46091
A6: 1370 | B6: Aldridge | C6: Ian | D6: First Claim | E6: FALSE | F6: Veteran | G6: 4 | H6: 46091
A7: 1415 | B7: Aldridge | C7: James | D7: First Claim | E7: FALSE | F7: Juvenile | H7: 46091
A8: 1286 | B8: Allen | C8: Ian | D8: First Claim | E8: FALSE | F8: Veteran | G8: 13 | H8: 46091
A9: 1381 | B9: Allen | C9: Roland | D9: First Claim | E9: FALSE | F9: Senior | H9: 46091
A10: 1112 | B10: Ashwell | C10: Gary | D10: First Claim | E10: FALSE | F10: Veteran | G10: 16 | H10: 46091
A11: 1135 | B11: Askham | C11: Simon | D11: First Claim | E11: FALSE | F11: Veteran | G11: 1 | H11: 46091
A12: 982 | B12: Bacon | C12: Steve | D12: First Claim | E12: FALSE | F12: Veteran | G12: 22 | H12: 46091
A13: 1328 | B13: Bailey | C13: Shaun | D13: First Claim | E13: FALSE | F13: Veteran | G13: 4 | H13: 46091
A14: 369 | B14: Barnett | C14: Dean | D14: First Claim | E14: FALSE | F14: Veteran | G14: 8 | H14: 46091
A15: 7 | B15: Barnett | C15: Vic | D15: Honorary | E15: FALSE | F15: Veteran | G15: 32 | H15: 46091
A16: 473 | B16: Barnett | C16: George | D16: Honorary | E16: FALSE | F16: Veteran | G16: 33 | H16: 46091
A17: 1384 | B17: Barrett | C17: Paul | D17: First Claim | E17: FALSE | F17: Veteran | G17: 30 | H17: 46091
A18: 1348 | B18: Baxter | C18: Lydia | D18: Second Claim | E18: TRUE | F18: Senior | H18: 46091
A19: 1275 | B19: Baxter | C19: Sylvia | D19: First Claim | E19: TRUE | F19: Juvenile | H19: 46091
A20: 68 | B20: Beach | C20: Ronald | D20: Honorary | E20: FALSE | F20: Veteran | G20: 35 | H20: 46091
A21: 1035 | B21: Bell | C21: Peter | D21: First Claim | E21: FALSE | F21: Veteran | G21: 6 | H21: 46091
A22: 1416 | B22: Bellamy | C22: Henry | D22: First Claim | E22: FALSE | F22: Senior | H22: 46091
A23: 1326 | B23: Bennis | C23: Laoise | D23: First Claim | E23: TRUE | F23: Senior | H23: 46091
A24: 477 | B24: Birch | C24: Carol | D24: First Claim | E24: TRUE | F24: Veteran | G24: 34 | H24: 46091
A25: 10 | B25: Birch | C25: Dave | D25: Honorary | E25: FALSE | F25: Veteran | G25: 35 | H25: 46091
A26: 1414 | B26: Boney | C26: Allen | D26: First Claim | E26: FALSE | F26: Veteran | G26: 13 | H26: 46091
A27: 1029 | B27: Bowie | C27: Victor | D27: First Claim | E27: FALSE | F27: Veteran | G27: 28 | H27: 46091
A28: 13 | B28: Bramford | C28: Paul | D28: First Claim | E28: FALSE | F28: Veteran | G28: 28 | H28: 46091
A29: 1255 | B29: Bridgstock | C29: Anne | D29: First Claim | E29: TRUE | F29: Veteran | G29: 13 | H29: 46091
A30: 1405 | B30: Brinkman | C30: Elise | D30: First Claim | E30: TRUE | F30: Juvenile | H30: 46091
A31: 919 | B31: Brundell | C31: Paul | D31: First Claim | E31: FALSE | F31: Veteran | G31: 16 | H31: 46091
A32: 1319 | B32: Burgess | C32: Steve | D32: First Claim | E32: FALSE | F32: Veteran | G32: 9 | H32: 46091
A33: 1389 | B33: Campbell | C33: Billy | D33: First Claim | E33: FALSE | F33: Senior | H33: 46091
A34: 482 | B34: Clarke | C34: Nick | D34: First Claim | E34: FALSE | F34: Veteran | G34: 13 | H34: 46091
A35: 674 | B35: Clegg | C35: Jennifer | D35: Second Claim | E35: TRUE | F35: Veteran | G35: 23 | H35: 46091
A36: 1061 | B36: Collis | C36: Daryl | D36: First Claim | E36: FALSE | F36: Veteran | G36: 19 | H36: 46091
A37: 763 | B37: Condon | C37: Peter | D37: First Claim | E37: FALSE | F37: Veteran | G37: 17 | H37: 46091
A38: 1227 | B38: Copson | C38: Yvonne | D38: First Claim | E38: TRUE | F38: Veteran | G38: 8 | H38: 46091
A39: 715 | B39: Coulam | C39: Steven | D39: First Claim | E39: FALSE | F39: Veteran | G39: 5 | H39: 46091
A40: 567 | B40: Cox | C40: Lawrence | D40: First Claim | E40: FALSE | F40: Veteran | G40: 7 | H40: 46091
A41: 1391 | B41: Cuthbertson | C41: Leah | D41: First Claim | E41: TRUE | F41: Senior | H41: 46091
A42: 704 | B42: Dainty | C42: Chris | D42: First Claim | E42: FALSE | F42: Veteran | G42: 21 | H42: 46091
A43: 1283 | B43: Dare | C43: Martin | D43: First Claim | E43: FALSE | F43: Veteran | G43: 18 | H43: 46091
A44: 295 | B44: Dawkins | C44: Stuart | D44: First Claim | E44: FALSE | F44: Veteran | G44: 15 | H44: 46091
A45: 1226 | B45: Dhillon | C45: Navpreet | D45: First Claim | E45: TRUE | F45: Senior | H45: 46091
A46: 1185 | B46: Dixey | C46: Isabelle | D46: First Claim | E46: TRUE | F46: Juvenile | H46: 46091
A47: 1065 | B47: Dixey | C47: Simon | D47: First Claim | E47: FALSE | F47: Veteran | G47: 1 | H47: 46091
A48: 1407 | B48: Dobson | C48: Colin | D48: First Claim | E48: FALSE | F48: Senior | H48: 46091
A49: 1096 | B49: Durnin | C49: Nathan | D49: First Claim | E49: FALSE | F49: Juvenile | H49: 46091
A50: 1236 | B50: Durnin | C50: Clare | D50: First Claim | E50: TRUE | F50: Veteran | G50: 5 | H50: 46091
A51: 699 | B51: Durnin | C51: Jonathan | D51: First Claim | E51: FALSE | F51: Veteran | G51: 5 | H51: 46091
A52: 1000 | B52: Easton | C52: Ashley | D52: First Claim | E52: FALSE | F52: Senior | H52: 46091
A53: 1332 | B53: Eaton | C53: Jo | D53: First Claim | E53: TRUE | F53: Senior | H53: 46091
A54: 682 | B54: Edmonds | C54: Lee | D54: First Claim | E54: FALSE | F54: Veteran | G54: 11 | H54: 46091
A55: 1393 | B55: Ellis | C55: Sally | D55: First Claim | E55: TRUE | F55: Veteran | G55: 10 | H55: 46091
A56: 1355 | B56: Elmer | C56: Aubrey | D56: First Claim | E56: FALSE | F56: Juvenile | H56: 46091
A57: 1164 | B57: Evans | C57: Harriet | D57: Second Claim | E57: TRUE | F57: Senior | H57: 46091
A58: 1062 | B58: Evans | C58: Mark | D58: First Claim | E58: FALSE | F58: Veteran | G58: 9 | H58: 46091
A59: 938 | B59: Evans | C59: Jane | D59: First Claim | E59: TRUE | F59: Veteran | G59: 7 | H59: 46091
A60: 1034 | B60: Fiddy | C60: Mark | D60: First Claim | E60: FALSE | F60: Senior | H60: 46091
A61: 1402 | B61: Fisher | C61: Neil | D61: First Claim | E61: FALSE | F61: Veteran | G61: 7 | H61: 46091
A62: 939 | B62: Foreman | C62: Sally | D62: First Claim | E62: TRUE | F62: Veteran | G62: 12 | H62: 46091
A63: 1377 | B63: Fraser | C63: Lucy | D63: First Claim | E63: TRUE | F63: Veteran | G63: 12 | H63: 46091
A64: 1281 | B64: Garner | C64: Gerald | D64: First Claim | E64: FALSE | F64: Veteran | G64: 19 | H64: 46091
A65: 933 | B65: Grandidge | C65: Ed | D65: First Claim | E65: FALSE | F65: Senior | H65: 46091
A66: 1274 | B66: Gowers | C66: Sophia | D66: First Claim | E66: TRUE | F66: Senior | H66: 46091
A67: 493 | B67: Halls | C67: George | D67: Honorary | E67: FALSE | F67: Veteran | G67: 37 | H67: 46091
A68: 1279 | B68: Hanner | C68: Jeffrey | D68: First Claim | E68: FALSE | F68: Veteran | G68: 4 | H68: 46091
A69: 1193 | B69: Hardwicke | C69: Richard | D69: First Claim | E69: FALSE | F69: Senior | H69: 46091
A70: 1194 | B70: Hardwicke | C70: Alex | D70: First Claim | E70: TRUE | F70: Senior | H70: 46091
A71: 1196 | B71: Hardwicke | C71: Daniel | D71: First Claim | E71: FALSE | F71: Juvenile | H71: 46091
A72: 1195 | B72: Hardwicke | C72: Charlie | D72: First Claim | E72: FALSE | F72: Juvenile | H72: 46091
A73: 1176 | B73: Harrison | C73: Rory | D73: First Claim | E73: FALSE | F73: Juvenile | H73: 46091
A74: 1174 | B74: Harrison | C74: Claire | D74: First Claim | E74: TRUE | F74: Veteran | G74: 6 | H74: 46091
A75: 1175 | B75: Harrison | C75: Richard | D75: First Claim | E75: FALSE | F75: Veteran | G75: 12 | H75: 46091
A76: 1109 | B76: Haycox | C76: Stuart | D76: First Claim | E76: FALSE | F76: Senior | H76: 46091
A77: 1073 | B77: Heald | C77: Richard | D77: First Claim | E77: FALSE | F77: Veteran | G77: 3 | H77: 46091
A78: 1400 | B78: Hernandez | C78: Elgar Aguilar | D78: First Claim | E78: FALSE | F78: Senior | H78: 46091
A79: 1367 | B79: Henderson | C79: Daniel | D79: First Claim | E79: FALSE | F79: Juvenile | H79: 46091
A80: 1366 | B80: Henderson | C80: Hannah | D80: First Claim | E80: TRUE | F80: Senior | H80: 46091
A81: 1365 | B81: Henderson | C81: Helen | D81: First Claim | E81: TRUE | F81: Veteran | G81: 7 | H81: 46091
A82: 897 | B82: Henderson | C82: Marc | D82: First Claim | E82: FALSE | F82: Veteran | G82: 13 | H82: 46091
A83: 1308 | B83: Herring | C83: Alice | D83: First Claim | E83: TRUE | F83: Veteran | G83: 2 | H83: 46091
A84: 1206 | B84: Hill | C84: Joy | D84: First Claim | E84: TRUE | F84: Veteran | G84: 8 | H84: 46091
A85: 1205 | B85: Hill | C85: Dave | D85: First Claim | E85: FALSE | F85: Veteran | G85: 14 | H85: 46091
A86: 1406 | B86: Hinxman | C86: Gavin | D86: First Claim | E86: FALSE | F86: Veteran | G86: 9 | H86: 46091
A87: 1182 | B87: Holman | C87: Neil | D87: First Claim | E87: FALSE | F87: Veteran | G87: 8 | H87: 46091
A88: 1340 | B88: Holmes | C88: Cristian | D88: First Claim | E88: FALSE | F88: Veteran | G88: 8 | H88: 46091
A89: 21 | B89: Holton | C89: Wayne | D89: First Claim | E89: FALSE | F89: Senior | H89: 46091
A90: 1049 | B90: Hopwood | C90: Duncan | D90: First Claim | E90: FALSE | F90: Veteran | G90: 19 | H90: 46091
A91: 120 | B91: Hubbard | C91: Linda | D91: First Claim | E91: TRUE | F91: Veteran | G91: 12 | H91: 46091
A92: 990 | B92: Hulme | C92: Jennifer | D92: First Claim | E92: TRUE | F92: Veteran | G92: 10 | H92: 46091
A93: 1395 | B93: Human | C93: Freya | D93: First Claim | E93: TRUE | F93: Juvenile | H93: 46091
A94: 1158 | B94: Humphries | C94: Eleanor | D94: First Claim | E94: TRUE | F94: Senior | H94: 46091
A95: 23 | B95: Hyde | C95: Chris | D95: First Claim | E95: FALSE | F95: Veteran | G95: 10 | H95: 46091
A96: 1152 | B96: Isaac | C96: Ruby | D96: First Claim | E96: TRUE | F96: Junior | H96: 46091
A97: 581 | B97: Ives | C97: Mike | D97: First Claim | E97: FALSE | F97: Veteran | G97: 13 | H97: 46091
A98: 1374 | B98: Jackson-Bream | C98: Will | D98: First Claim | E98: FALSE | F98: Senior | H98: 46091
A99: 25 | B99: James | C99: Mitchell | D99: First Claim | E99: FALSE | F99: Veteran | G99: 8 | H99: 46091
A100: 415 | B100: Kershaw | C100: Nik | D100: First Claim | E100: FALSE | F100: Veteran | G100: 6 | H100: 46091
...

Sheet 0321_competitors_2026
A1: ClubNumber | B1: Surname | C1: GivenName | D1: ClaimStatus | E1: isFemale | F1: AgeGroup | G1: VetsBucket | H1: ImportDate
A2: 1327 | B2: Abbott | C2: James | D2: First Claim | E2: FALSE | F2: Senior | H2: 46102
A3: 1237 | B3: Abbott | C3: John | D3: First Claim | E3: FALSE | F3: Veteran | G3: 1 | H3: 46102
A4: 819 | B4: Akoslovski | C4: Kath | D4: First Claim | E4: TRUE | F4: Veteran | G4: 23 | H4: 46102
A5: 2 | B5: Alden | C5: Steve | D5: First Claim | E5: FALSE | F5: Veteran | G5: 21 | H5: 46102
A6: 1370 | B6: Aldridge | C6: Ian | D6: First Claim | E6: FALSE | F6: Veteran | G6: 4 | H6: 46102
A7: 1415 | B7: Aldridge | C7: James | D7: First Claim | E7: FALSE | F7: Juvenile | H7: 46102
A8: 1286 | B8: Allen | C8: Ian | D8: First Claim | E8: FALSE | F8: Veteran | G8: 13 | H8: 46102
A9: 1381 | B9: Allen | C9: Roland | D9: First Claim | E9: FALSE | F9: Senior | H9: 46102
A10: 1112 | B10: Ashwell | C10: Gary | D10: First Claim | E10: FALSE | F10: Veteran | G10: 16 | H10: 46102
A11: 1135 | B11: Askham | C11: Simon | D11: First Claim | E11: FALSE | F11: Veteran | G11: 1 | H11: 46102
A12: 982 | B12: Bacon | C12: Steve | D12: First Claim | E12: FALSE | F12: Veteran | G12: 22 | H12: 46102
A13: 1328 | B13: Bailey | C13: Shaun | D13: First Claim | E13: FALSE | F13: Veteran | G13: 4 | H13: 46102
A14: 369 | B14: Barnett | C14: Dean | D14: First Claim | E14: FALSE | F14: Veteran | G14: 8 | H14: 46102
A15: 7 | B15: Barnett | C15: Vic | D15: Honorary | E15: FALSE | F15: Veteran | G15: 32 | H15: 46102
A16: 473 | B16: Barnett | C16: George | D16: Honorary | E16: FALSE | F16: Veteran | G16: 33 | H16: 46102
A17: 1384 | B17: Barrett | C17: Paul | D17: First Claim | E17: FALSE | F17: Veteran | G17: 30 | H17: 46102
A18: 1348 | B18: Baxter | C18: Lydia | D18: Second Claim | E18: TRUE | F18: Senior | H18: 46102
A19: 1275 | B19: Baxter | C19: Sylvia | D19: First Claim | E19: TRUE | F19: Juvenile | H19: 46102
A20: 68 | B20: Beach | C20: Ronald | D20: Honorary | E20: FALSE | F20: Veteran | G20: 35 | H20: 46102
A21: 1035 | B21: Bell | C21: Peter | D21: First Claim | E21: FALSE | F21: Veteran | G21: 6 | H21: 46102
A22: 1416 | B22: Bellamy | C22: Henry | D22: First Claim | E22: FALSE | F22: Senior | H22: 46102
A23: 1326 | B23: Bennis | C23: Laoise | D23: First Claim | E23: TRUE | F23: Senior | H23: 46102
A24: 477 | B24: Birch | C24: Carol | D24: First Claim | E24: TRUE | F24: Veteran | G24: 34 | H24: 46102
A25: 10 | B25: Birch | C25: Dave | D25: Honorary | E25: FALSE | F25: Veteran | G25: 35 | H25: 46102
A26: 1414 | B26: Boney | C26: Allen | D26: First Claim | E26: FALSE | F26: Veteran | G26: 13 | H26: 46102
A27: 1029 | B27: Bowie | C27: Victor | D27: First Claim | E27: FALSE | F27: Veteran | G27: 28 | H27: 46102
A28: 13 | B28: Bramford | C28: Paul | D28: First Claim | E28: FALSE | F28: Veteran | G28: 28 | H28: 46102
A29: 1255 | B29: Bridgstock | C29: Anne | D29: First Claim | E29: TRUE | F29: Veteran | G29: 13 | H29: 46102
A30: 1405 | B30: Brinkman | C30: Elise | D30: First Claim | E30: TRUE | F30: Juvenile | H30: 46102
A31: 1418 | B31: Brown | C31: James | D31: First Claim | E31: FALSE | F31: Senior | H31: 46102
A32: 919 | B32: Brundell | C32: Paul | D32: First Claim | E32: FALSE | F32: Veteran | G32: 16 | H32: 46102
A33: 1319 | B33: Burgess | C33: Steve | D33: First Claim | E33: FALSE | F33: Veteran | G33: 9 | H33: 46102
A34: 1389 | B34: Campbell | C34: Billy | D34: First Claim | E34: FALSE | F34: Senior | H34: 46102
A35: 940 | B35: Chapman | C35: Alison | D35: First Claim | E35: TRUE | F35: Veteran | G35: 9 | H35: 46102
A36: 806 | B36: Chapman | C36: Mark | D36: First Claim | E36: FALSE | F36: Veteran | G36: 11 | H36: 46102
A37: 482 | B37: Clarke | C37: Nick | D37: First Claim | E37: FALSE | F37: Veteran | G37: 13 | H37: 46102
A38: 674 | B38: Clegg | C38: Jennifer | D38: Second Claim | E38: TRUE | F38: Veteran | G38: 23 | H38: 46102
A39: 1061 | B39: Collis | C39: Daryl | D39: First Claim | E39: FALSE | F39: Veteran | G39: 19 | H39: 46102
A40: 763 | B40: Condon | C40: Peter | D40: First Claim | E40: FALSE | F40: Veteran | G40: 17 | H40: 46102
A41: 1227 | B41: Copson | C41: Yvonne | D41: First Claim | E41: TRUE | F41: Veteran | G41: 8 | H41: 46102
A42: 715 | B42: Coulam | C42: Steven | D42: First Claim | E42: FALSE | F42: Veteran | G42: 5 | H42: 46102
A43: 567 | B43: Cox | C43: Lawrence | D43: First Claim | E43: FALSE | F43: Veteran | G43: 7 | H43: 46102
A44: 1391 | B44: Cuthbertson | C44: Leah | D44: First Claim | E44: TRUE | F44: Senior | H44: 46102
A45: 704 | B45: Dainty | C45: Chris | D45: First Claim | E45: FALSE | F45: Veteran | G45: 21 | H45: 46102
A46: 1283 | B46: Dare | C46: Martin | D46: First Claim | E46: FALSE | F46: Veteran | G46: 18 | H46: 46102
A47: 295 | B47: Dawkins | C47: Stuart | D47: First Claim | E47: FALSE | F47: Veteran | G47: 15 | H47: 46102
A48: 1226 | B48: Dhillon | C48: Navpreet | D48: First Claim | E48: TRUE | F48: Senior | H48: 46102
A49: 1185 | B49: Dixey | C49: Isabelle | D49: First Claim | E49: TRUE | F49: Juvenile | H49: 46102
A50: 1065 | B50: Dixey | C50: Simon | D50: First Claim | E50: FALSE | F50: Veteran | G50: 1 | H50: 46102
A51: 1407 | B51: Dobson | C51: Colin | D51: First Claim | E51: FALSE | F51: Senior | H51: 46102
A52: 1096 | B52: Durnin | C52: Nathan | D52: First Claim | E52: FALSE | F52: Juvenile | H52: 46102
A53: 1236 | B53: Durnin | C53: Clare | D53: First Claim | E53: TRUE | F53: Veteran | G53: 5 | H53: 46102
A54: 699 | B54: Durnin | C54: Jonathan | D54: First Claim | E54: FALSE | F54: Veteran | G54: 5 | H54: 46102
A55: 1000 | B55: Easton | C55: Ashley | D55: First Claim | E55: FALSE | F55: Senior | H55: 46102
A56: 1332 | B56: Eaton | C56: Jo | D56: First Claim | E56: TRUE | F56: Senior | H56: 46102
A57: 682 | B57: Edmonds | C57: Lee | D57: First Claim | E57: FALSE | F57: Veteran | G57: 11 | H57: 46102
A58: 1393 | B58: Ellis | C58: Sally | D58: First Claim | E58: TRUE | F58: Veteran | G58: 10 | H58: 46102
A59: 1355 | B59: Elmer | C59: Aubrey | D59: First Claim | E59: FALSE | F59: Juvenile | H59: 46102
A60: 1164 | B60: Evans | C60: Harriet | D60: Second Claim | E60: TRUE | F60: Senior | H60: 46102
A61: 1062 | B61: Evans | C61: Mark | D61: First Claim | E61: FALSE | F61: Veteran | G61: 9 | H61: 46102
A62: 938 | B62: Evans | C62: Jane | D62: First Claim | E62: TRUE | F62: Veteran | G62: 7 | H62: 46102
A63: 1034 | B63: Fiddy | C63: Mark | D63: First Claim | E63: FALSE | F63: Senior | H63: 46102
A64: 1402 | B64: Fisher | C64: Neil | D64: First Claim | E64: FALSE | F64: Veteran | G64: 7 | H64: 46102
A65: 939 | B65: Foreman | C65: Sally | D65: First Claim | E65: TRUE | F65: Veteran | G65: 12 | H65: 46102
A66: 1377 | B66: Fraser | C66: Lucy | D66: First Claim | E66: TRUE | F66: Veteran | G66: 12 | H66: 46102
A67: 1281 | B67: Garner | C67: Gerald | D67: First Claim | E67: FALSE | F67: Veteran | G67: 19 | H67: 46102
A68: 933 | B68: Grandidge | C68: Ed | D68: First Claim | E68: FALSE | F68: Senior | H68: 46102
A69: 1274 | B69: Gowers | C69: Sophia | D69: First Claim | E69: TRUE | F69: Senior | H69: 46102
A70: 493 | B70: Halls | C70: George | D70: Honorary | E70: FALSE | F70: Veteran | G70: 37 | H70: 46102
A71: 1279 | B71: Hanner | C71: Jeffrey | D71: First Claim | E71: FALSE | F71: Veteran | G71: 4 | H71: 46102
A72: 1193 | B72: Hardwicke | C72: Richard | D72: First Claim | E72: FALSE | F72: Senior | H72: 46102
A73: 1194 | B73: Hardwicke | C73: Alex | D73: First Claim | E73: TRUE | F73: Senior | H73: 46102
A74: 1196 | B74: Hardwicke | C74: Daniel | D74: First Claim | E74: FALSE | F74: Juvenile | H74: 46102
A75: 1195 | B75: Hardwicke | C75: Charlie | D75: First Claim | E75: FALSE | F75: Juvenile | H75: 46102
A76: 1176 | B76: Harrison | C76: Rory | D76: First Claim | E76: FALSE | F76: Juvenile | H76: 46102
A77: 1174 | B77: Harrison | C77: Claire | D77: First Claim | E77: TRUE | F77: Veteran | G77: 6 | H77: 46102
A78: 1175 | B78: Harrison | C78: Richard | D78: First Claim | E78: FALSE | F78: Veteran | G78: 12 | H78: 46102
A79: 1109 | B79: Haycox | C79: Stuart | D79: First Claim | E79: FALSE | F79: Senior | H79: 46102
A80: 1073 | B80: Heald | C80: Richard | D80: First Claim | E80: FALSE | F80: Veteran | G80: 3 | H80: 46102
A81: 1400 | B81: Hernandez | C81: Elgar Aguilar | D81: First Claim | E81: FALSE | F81: Senior | H81: 46102
A82: 1367 | B82: Henderson | C82: Daniel | D82: First Claim | E82: FALSE | F82: Juvenile | H82: 46102
A83: 1366 | B83: Henderson | C83: Hannah | D83: First Claim | E83: TRUE | F83: Senior | H83: 46102
A84: 1365 | B84: Henderson | C84: Helen | D84: First Claim | E84: TRUE | F84: Veteran | G84: 7 | H84: 46102
A85: 897 | B85: Henderson | C85: Marc | D85: First Claim | E85: FALSE | F85: Veteran | G85: 13 | H85: 46102
A86: 1308 | B86: Herring | C86: Alice | D86: First Claim | E86: TRUE | F86: Veteran | G86: 2 | H86: 46102
A87: 1206 | B87: Hill | C87: Joy | D87: First Claim | E87: TRUE | F87: Veteran | G87: 8 | H87: 46102
A88: 1205 | B88: Hill | C88: Dave | D88: First Claim | E88: FALSE | F88: Veteran | G88: 14 | H88: 46102
A89: 1406 | B89: Hinxman | C89: Gavin | D89: First Claim | E89: FALSE | F89: Veteran | G89: 9 | H89: 46102
A90: 1182 | B90: Holman | C90: Neil | D90: First Claim | E90: FALSE | F90: Veteran | G90: 8 | H90: 46102
A91: 1340 | B91: Holmes | C91: Cristian | D91: First Claim | E91: FALSE | F91: Veteran | G91: 8 | H91: 46102
A92: 21 | B92: Holton | C92: Wayne | D92: First Claim | E92: FALSE | F92: Senior | H92: 46102
A93: 1049 | B93: Hopwood | C93: Duncan | D93: First Claim | E93: FALSE | F93: Veteran | G93: 19 | H93: 46102
A94: 120 | B94: Hubbard | C94: Linda | D94: First Claim | E94: TRUE | F94: Veteran | G94: 12 | H94: 46102
A95: 990 | B95: Hulme | C95: Jennifer | D95: First Claim | E95: TRUE | F95: Veteran | G95: 10 | H95: 46102
A96: 1395 | B96: Human | C96: Freya | D96: First Claim | E96: TRUE | F96: Juvenile | H96: 46102
A97: 1158 | B97: Humphries | C97: Eleanor | D97: First Claim | E97: TRUE | F97: Senior | H97: 46102
A98: 23 | B98: Hyde | C98: Chris | D98: First Claim | E98: FALSE | F98: Veteran | G98: 10 | H98: 46102
A99: 1152 | B99: Isaac | C99: Ruby | D99: First Claim | E99: TRUE | F99: Junior | H99: 46102
A100: 581 | B100: Ives | C100: Mike | D100: First Claim | E100: FALSE | F100: Veteran | G100: 13 | H100: 46102
...

Sheet 0407_competitors_2026
A1: ClubNumber | B1: Surname | C1: GivenName | D1: ClaimStatus | E1: isFemale | F1: AgeGroup | G1: VetsBucket | H1: ImportDate
A2: 1327 | B2: Abbott | C2: James | D2: First Claim | E2: FALSE | F2: Senior | H2: 46119
A3: 1237 | B3: Abbott | C3: John | D3: First Claim | E3: FALSE | F3: Veteran | G3: 1 | H3: 46119
A4: 819 | B4: Akoslovski | C4: Kath | D4: First Claim | E4: TRUE | F4: Veteran | G4: 23 | H4: 46119
A5: 2 | B5: Alden | C5: Steve | D5: First Claim | E5: FALSE | F5: Veteran | G5: 21 | H5: 46119
A6: 1370 | B6: Aldridge | C6: Ian | D6: First Claim | E6: FALSE | F6: Veteran | G6: 4 | H6: 46119
A7: 1415 | B7: Aldridge | C7: James | D7: First Claim | E7: FALSE | F7: Juvenile | H7: 46119
A8: 1286 | B8: Allen | C8: Ian | D8: First Claim | E8: FALSE | F8: Veteran | G8: 13 | H8: 46119
A9: 1381 | B9: Allen | C9: Roland | D9: First Claim | E9: FALSE | F9: Senior | H9: 46119
A10: 1112 | B10: Ashwell | C10: Gary | D10: First Claim | E10: FALSE | F10: Veteran | G10: 16 | H10: 46119
A11: 1135 | B11: Askham | C11: Simon | D11: First Claim | E11: FALSE | F11: Veteran | G11: 1 | H11: 46119
A12: 982 | B12: Bacon | C12: Steve | D12: First Claim | E12: FALSE | F12: Veteran | G12: 22 | H12: 46119
A13: 1328 | B13: Bailey | C13: Shaun | D13: First Claim | E13: FALSE | F13: Veteran | G13: 4 | H13: 46119
A14: 369 | B14: Barnett | C14: Dean | D14: First Claim | E14: FALSE | F14: Veteran | G14: 8 | H14: 46119
A15: 7 | B15: Barnett | C15: Vic | D15: Honorary | E15: FALSE | F15: Veteran | G15: 32 | H15: 46119
A16: 473 | B16: Barnett | C16: George | D16: Honorary | E16: FALSE | F16: Veteran | G16: 33 | H16: 46119
A17: 1384 | B17: Barrett | C17: Paul | D17: First Claim | E17: FALSE | F17: Veteran | G17: 30 | H17: 46119
A18: 1348 | B18: Baxter | C18: Lydia | D18: Second Claim | E18: TRUE | F18: Senior | H18: 46119
A19: 1275 | B19: Baxter | C19: Sylvia | D19: First Claim | E19: TRUE | F19: Juvenile | H19: 46119
A20: 68 | B20: Beach | C20: Ronald | D20: Honorary | E20: FALSE | F20: Veteran | G20: 35 | H20: 46119
A21: 1035 | B21: Bell | C21: Peter | D21: First Claim | E21: FALSE | F21: Veteran | G21: 6 | H21: 46119
A22: 1416 | B22: Bellamy | C22: Henry | D22: First Claim | E22: FALSE | F22: Senior | H22: 46119
A23: 1326 | B23: Bennis | C23: Laoise | D23: First Claim | E23: TRUE | F23: Senior | H23: 46119
A24: 477 | B24: Birch | C24: Carol | D24: First Claim | E24: TRUE | F24: Veteran | G24: 34 | H24: 46119
A25: 10 | B25: Birch | C25: Dave | D25: Honorary | E25: FALSE | F25: Veteran | G25: 35 | H25: 46119
A26: 1414 | B26: Boney | C26: Allen | D26: First Claim | E26: FALSE | F26: Veteran | G26: 13 | H26: 46119
A27: 1029 | B27: Bowie | C27: Victor | D27: First Claim | E27: FALSE | F27: Veteran | G27: 28 | H27: 46119
A28: 13 | B28: Bramford | C28: Paul | D28: First Claim | E28: FALSE | F28: Veteran | G28: 28 | H28: 46119
A29: 1255 | B29: Bridgstock | C29: Anne | D29: First Claim | E29: TRUE | F29: Veteran | G29: 13 | H29: 46119
A30: 1405 | B30: Brinkman | C30: Elise | D30: First Claim | E30: TRUE | F30: Juvenile | H30: 46119
A31: 1418 | B31: Brown | C31: James | D31: First Claim | E31: FALSE | F31: Senior | H31: 46119
A32: 919 | B32: Brundell | C32: Paul | D32: First Claim | E32: FALSE | F32: Veteran | G32: 16 | H32: 46119
A33: 1319 | B33: Burgess | C33: Steve | D33: First Claim | E33: FALSE | F33: Veteran | G33: 9 | H33: 46119
A34: 1389 | B34: Campbell | C34: Billy | D34: First Claim | E34: FALSE | F34: Senior | H34: 46119
A35: 940 | B35: Chapman | C35: Alison | D35: First Claim | E35: TRUE | F35: Veteran | G35: 9 | H35: 46119
A36: 806 | B36: Chapman | C36: Mark | D36: First Claim | E36: FALSE | F36: Veteran | G36: 11 | H36: 46119
A37: 482 | B37: Clarke | C37: Nick | D37: First Claim | E37: FALSE | F37: Veteran | G37: 13 | H37: 46119
A38: 674 | B38: Clegg | C38: Jennifer | D38: Second Claim | E38: TRUE | F38: Veteran | G38: 23 | H38: 46119
A39: 1061 | B39: Collis | C39: Daryl | D39: First Claim | E39: FALSE | F39: Veteran | G39: 19 | H39: 46119
A40: 763 | B40: Condon | C40: Peter | D40: First Claim | E40: FALSE | F40: Veteran | G40: 17 | H40: 46119
A41: 1227 | B41: Copson | C41: Yvonne | D41: First Claim | E41: TRUE | F41: Veteran | G41: 8 | H41: 46119
A42: 715 | B42: Coulam | C42: Steven | D42: First Claim | E42: FALSE | F42: Veteran | G42: 5 | H42: 46119
A43: 567 | B43: Cox | C43: Lawrence | D43: First Claim | E43: FALSE | F43: Veteran | G43: 7 | H43: 46119
A44: 1391 | B44: Cuthbertson | C44: Leah | D44: First Claim | E44: TRUE | F44: Senior | H44: 46119
A45: 704 | B45: Dainty | C45: Chris | D45: First Claim | E45: FALSE | F45: Veteran | G45: 21 | H45: 46119
A46: 1283 | B46: Dare | C46: Martin | D46: First Claim | E46: FALSE | F46: Veteran | G46: 18 | H46: 46119
A47: 295 | B47: Dawkins | C47: Stuart | D47: First Claim | E47: FALSE | F47: Veteran | G47: 15 | H47: 46119
A48: 1226 | B48: Dhillon | C48: Navpreet | D48: First Claim | E48: TRUE | F48: Senior | H48: 46119
A49: 1185 | B49: Dixey | C49: Isabelle | D49: First Claim | E49: TRUE | F49: Juvenile | H49: 46119
A50: 1065 | B50: Dixey | C50: Simon | D50: First Claim | E50: FALSE | F50: Veteran | G50: 1 | H50: 46119
A51: 1407 | B51: Dobson | C51: Colin | D51: First Claim | E51: FALSE | F51: Senior | H51: 46119
A52: 1096 | B52: Durnin | C52: Nathan | D52: First Claim | E52: FALSE | F52: Juvenile | H52: 46119
A53: 1236 | B53: Durnin | C53: Clare | D53: First Claim | E53: TRUE | F53: Veteran | G53: 5 | H53: 46119
A54: 699 | B54: Durnin | C54: Jonathan | D54: First Claim | E54: FALSE | F54: Veteran | G54: 5 | H54: 46119
A55: 1000 | B55: Easton | C55: Ashley | D55: First Claim | E55: FALSE | F55: Senior | H55: 46119
A56: 1332 | B56: Eaton | C56: Jo | D56: First Claim | E56: TRUE | F56: Senior | H56: 46119
A57: 682 | B57: Edmonds | C57: Lee | D57: First Claim | E57: FALSE | F57: Veteran | G57: 11 | H57: 46119
A58: 1393 | B58: Ellis | C58: Sally | D58: First Claim | E58: TRUE | F58: Veteran | G58: 10 | H58: 46119
A59: 1355 | B59: Elmer | C59: Aubrey | D59: First Claim | E59: FALSE | F59: Juvenile | H59: 46119
A60: 1164 | B60: Evans | C60: Harriet | D60: Second Claim | E60: TRUE | F60: Senior | H60: 46119
A61: 1062 | B61: Evans | C61: Mark | D61: First Claim | E61: FALSE | F61: Veteran | G61: 9 | H61: 46119
A62: 938 | B62: Evans | C62: Jane | D62: First Claim | E62: TRUE | F62: Veteran | G62: 7 | H62: 46119
A63: 1034 | B63: Fiddy | C63: Mark | D63: First Claim | E63: FALSE | F63: Senior | H63: 46119
A64: 1402 | B64: Fisher | C64: Neil | D64: First Claim | E64: FALSE | F64: Veteran | G64: 7 | H64: 46119
A65: 939 | B65: Foreman | C65: Sally | D65: First Claim | E65: TRUE | F65: Veteran | G65: 12 | H65: 46119
A66: 1377 | B66: Fraser | C66: Lucy | D66: First Claim | E66: TRUE | F66: Veteran | G66: 12 | H66: 46119
A67: 1281 | B67: Garner | C67: Gerald | D67: First Claim | E67: FALSE | F67: Veteran | G67: 19 | H67: 46119
A68: 933 | B68: Grandidge | C68: Ed | D68: First Claim | E68: FALSE | F68: Senior | H68: 46119
A69: 1274 | B69: Gowers | C69: Sophia | D69: First Claim | E69: TRUE | F69: Senior | H69: 46119
A70: 493 | B70: Halls | C70: George | D70: Honorary | E70: FALSE | F70: Veteran | G70: 37 | H70: 46119
A71: 1279 | B71: Hanner | C71: Jeffrey | D71: First Claim | E71: FALSE | F71: Veteran | G71: 4 | H71: 46119
A72: 1193 | B72: Hardwicke | C72: Richard | D72: First Claim | E72: FALSE | F72: Senior | H72: 46119
A73: 1194 | B73: Hardwicke | C73: Alex | D73: First Claim | E73: TRUE | F73: Senior | H73: 46119
A74: 1196 | B74: Hardwicke | C74: Daniel | D74: First Claim | E74: FALSE | F74: Juvenile | H74: 46119
A75: 1195 | B75: Hardwicke | C75: Charlie | D75: First Claim | E75: FALSE | F75: Juvenile | H75: 46119
A76: 1176 | B76: Harrison | C76: Rory | D76: First Claim | E76: FALSE | F76: Juvenile | H76: 46119
A77: 1174 | B77: Harrison | C77: Claire | D77: First Claim | E77: TRUE | F77: Veteran | G77: 6 | H77: 46119
A78: 1175 | B78: Harrison | C78: Richard | D78: First Claim | E78: FALSE | F78: Veteran | G78: 12 | H78: 46119
A79: 1109 | B79: Haycox | C79: Stuart | D79: First Claim | E79: FALSE | F79: Senior | H79: 46119
A80: 1073 | B80: Heald | C80: Richard | D80: First Claim | E80: FALSE | F80: Veteran | G80: 3 | H80: 46119
A81: 1400 | B81: Hernandez | C81: Elgar Aguilar | D81: First Claim | E81: FALSE | F81: Senior | H81: 46119
A82: 1367 | B82: Henderson | C82: Daniel | D82: First Claim | E82: FALSE | F82: Juvenile | H82: 46119
A83: 1366 | B83: Henderson | C83: Hannah | D83: First Claim | E83: TRUE | F83: Senior | H83: 46119
A84: 1365 | B84: Henderson | C84: Helen | D84: First Claim | E84: TRUE | F84: Veteran | G84: 7 | H84: 46119
A85: 897 | B85: Henderson | C85: Marc | D85: First Claim | E85: FALSE | F85: Veteran | G85: 13 | H85: 46119
A86: 1308 | B86: Herring | C86: Alice | D86: First Claim | E86: TRUE | F86: Veteran | G86: 2 | H86: 46119
A87: 1206 | B87: Hill | C87: Joy | D87: First Claim | E87: TRUE | F87: Veteran | G87: 8 | H87: 46119
A88: 1205 | B88: Hill | C88: Dave | D88: First Claim | E88: FALSE | F88: Veteran | G88: 14 | H88: 46119
A89: 1406 | B89: Hinxman | C89: Gavin | D89: First Claim | E89: FALSE | F89: Veteran | G89: 9 | H89: 46119
A90: 1182 | B90: Holman | C90: Neil | D90: First Claim | E90: FALSE | F90: Veteran | G90: 8 | H90: 46119
A91: 1340 | B91: Holmes | C91: Cristian | D91: First Claim | E91: FALSE | F91: Veteran | G91: 8 | H91: 46119
A92: 21 | B92: Holton | C92: Wayne | D92: First Claim | E92: FALSE | F92: Senior | H92: 46119
A93: 1049 | B93: Hopwood | C93: Duncan | D93: First Claim | E93: FALSE | F93: Veteran | G93: 19 | H93: 46119
A94: 120 | B94: Hubbard | C94: Linda | D94: First Claim | E94: TRUE | F94: Veteran | G94: 12 | H94: 46119
A95: 990 | B95: Hulme | C95: Jennifer | D95: First Claim | E95: TRUE | F95: Veteran | G95: 10 | H95: 46119
A96: 1395 | B96: Human | C96: Freya | D96: First Claim | E96: TRUE | F96: Juvenile | H96: 46119
A97: 1158 | B97: Humphries | C97: Eleanor | D97: First Claim | E97: TRUE | F97: Senior | H97: 46119
A98: 23 | B98: Hyde | C98: Chris | D98: First Claim | E98: FALSE | F98: Veteran | G98: 10 | H98: 46119
A99: 1152 | B99: Isaac | C99: Ruby | D99: Second Claim | E99: TRUE | F99: Junior | H99: 46119
A100: 581 | B100: Ives | C100: Mike | D100: First Claim | E100: FALSE | F100: Veteran | G100: 13 | H100: 46119
...

Sheet 0407_competitors_2026b
A1: ClubNumber | B1: Surname | C1: GivenName | D1: ClaimStatus | E1: isFemale | F1: AgeGroup | G1: VetsBucket | H1: ImportDate
A2: 1327 | B2: Abbott | C2: James | D2: First Claim | E2: FALSE | F2: Senior | H2: 46119
A3: 1237 | B3: Abbott | C3: John | D3: First Claim | E3: FALSE | F3: Veteran | G3: 1 | H3: 46119
A4: 819 | B4: Akoslovski | C4: Kath | D4: First Claim | E4: TRUE | F4: Veteran | G4: 23 | H4: 46119
A5: 2 | B5: Alden | C5: Steve | D5: First Claim | E5: FALSE | F5: Veteran | G5: 21 | H5: 46119
A6: 1370 | B6: Aldridge | C6: Ian | D6: First Claim | E6: FALSE | F6: Veteran | G6: 4 | H6: 46119
A7: 1415 | B7: Aldridge | C7: James | D7: First Claim | E7: FALSE | F7: Juvenile | H7: 46119
A8: 1286 | B8: Allen | C8: Ian | D8: First Claim | E8: FALSE | F8: Veteran | G8: 13 | H8: 46119
A9: 1381 | B9: Allen | C9: Roland | D9: First Claim | E9: FALSE | F9: Senior | H9: 46119
A10: 1112 | B10: Ashwell | C10: Gary | D10: First Claim | E10: FALSE | F10: Veteran | G10: 16 | H10: 46119
A11: 1135 | B11: Askham | C11: Simon | D11: First Claim | E11: FALSE | F11: Veteran | G11: 1 | H11: 46119
A12: 982 | B12: Bacon | C12: Steve | D12: First Claim | E12: FALSE | F12: Veteran | G12: 22 | H12: 46119
A13: 1328 | B13: Bailey | C13: Shaun | D13: First Claim | E13: FALSE | F13: Veteran | G13: 4 | H13: 46119
A14: 369 | B14: Barnett | C14: Dean | D14: First Claim | E14: FALSE | F14: Veteran | G14: 8 | H14: 46119
A15: 7 | B15: Barnett | C15: Vic | D15: Honorary | E15: FALSE | F15: Veteran | G15: 32 | H15: 46119
A16: 473 | B16: Barnett | C16: George | D16: Honorary | E16: FALSE | F16: Veteran | G16: 33 | H16: 46119
A17: 1384 | B17: Barrett | C17: Paul | D17: First Claim | E17: FALSE | F17: Veteran | G17: 30 | H17: 46119
A18: 1348 | B18: Baxter | C18: Lydia | D18: Second Claim | E18: TRUE | F18: Senior | H18: 46119
A19: 1275 | B19: Baxter | C19: Sylvia | D19: First Claim | E19: TRUE | F19: Juvenile | H19: 46119
A20: 68 | B20: Beach | C20: Ronald | D20: Honorary | E20: FALSE | F20: Veteran | G20: 35 | H20: 46119
A21: 1035 | B21: Bell | C21: Peter | D21: First Claim | E21: FALSE | F21: Veteran | G21: 6 | H21: 46119
A22: 1416 | B22: Bellamy | C22: Henry | D22: First Claim | E22: FALSE | F22: Senior | H22: 46119
A23: 1326 | B23: Bennis | C23: Laoise | D23: First Claim | E23: TRUE | F23: Senior | H23: 46119
A24: 477 | B24: Birch | C24: Carol | D24: First Claim | E24: TRUE | F24: Veteran | G24: 34 | H24: 46119
A25: 10 | B25: Birch | C25: Dave | D25: Honorary | E25: FALSE | F25: Veteran | G25: 35 | H25: 46119
A26: 1414 | B26: Boney | C26: Allen | D26: First Claim | E26: FALSE | F26: Veteran | G26: 13 | H26: 46119
A27: 1029 | B27: Bowie | C27: Victor | D27: First Claim | E27: FALSE | F27: Veteran | G27: 28 | H27: 46119
A28: 13 | B28: Bramford | C28: Paul | D28: First Claim | E28: FALSE | F28: Veteran | G28: 28 | H28: 46119
A29: 1255 | B29: Bridgstock | C29: Anne | D29: First Claim | E29: TRUE | F29: Veteran | G29: 13 | H29: 46119
A30: 1405 | B30: Brinkman | C30: Elise | D30: First Claim | E30: TRUE | F30: Juvenile | H30: 46119
A31: 1418 | B31: Brown | C31: James | D31: First Claim | E31: FALSE | F31: Senior | H31: 46119
A32: 919 | B32: Brundell | C32: Paul | D32: First Claim | E32: FALSE | F32: Veteran | G32: 16 | H32: 46119
A33: 1319 | B33: Burgess | C33: Steve | D33: First Claim | E33: FALSE | F33: Veteran | G33: 9 | H33: 46119
A34: 1389 | B34: Campbell | C34: Billy | D34: First Claim | E34: FALSE | F34: Senior | H34: 46119
A35: 940 | B35: Chapman | C35: Alison | D35: First Claim | E35: TRUE | F35: Veteran | G35: 9 | H35: 46119
A36: 806 | B36: Chapman | C36: Mark | D36: First Claim | E36: FALSE | F36: Veteran | G36: 11 | H36: 46119
A37: 482 | B37: Clarke | C37: Nick | D37: First Claim | E37: FALSE | F37: Veteran | G37: 13 | H37: 46119
A38: 674 | B38: Clegg | C38: Jennifer | D38: Second Claim | E38: TRUE | F38: Veteran | G38: 23 | H38: 46119
A39: 1061 | B39: Collis | C39: Daryl | D39: First Claim | E39: FALSE | F39: Veteran | G39: 19 | H39: 46119
A40: 763 | B40: Condon | C40: Peter | D40: First Claim | E40: FALSE | F40: Veteran | G40: 17 | H40: 46119
A41: 1227 | B41: Copson | C41: Yvonne | D41: First Claim | E41: TRUE | F41: Veteran | G41: 8 | H41: 46119
A42: 715 | B42: Coulam | C42: Steven | D42: First Claim | E42: FALSE | F42: Veteran | G42: 5 | H42: 46119
A43: 567 | B43: Cox | C43: Lawrence | D43: First Claim | E43: FALSE | F43: Veteran | G43: 7 | H43: 46119
A44: 1391 | B44: Cuthbertson | C44: Leah | D44: First Claim | E44: TRUE | F44: Senior | H44: 46119
A45: 704 | B45: Dainty | C45: Chris | D45: First Claim | E45: FALSE | F45: Veteran | G45: 21 | H45: 46119
A46: 1283 | B46: Dare | C46: Martin | D46: First Claim | E46: FALSE | F46: Veteran | G46: 18 | H46: 46119
A47: 295 | B47: Dawkins | C47: Stuart | D47: First Claim | E47: FALSE | F47: Veteran | G47: 15 | H47: 46119
A48: 1226 | B48: Dhillon | C48: Navpreet | D48: First Claim | E48: TRUE | F48: Senior | H48: 46119
A49: 1185 | B49: Dixey | C49: Isabelle | D49: First Claim | E49: TRUE | F49: Juvenile | H49: 46119
A50: 1065 | B50: Dixey | C50: Simon | D50: First Claim | E50: FALSE | F50: Veteran | G50: 1 | H50: 46119
A51: 1407 | B51: Dobson | C51: Colin | D51: First Claim | E51: FALSE | F51: Senior | H51: 46119
A52: 1096 | B52: Durnin | C52: Nathan | D52: First Claim | E52: FALSE | F52: Juvenile | H52: 46119
A53: 1236 | B53: Durnin | C53: Clare | D53: First Claim | E53: TRUE | F53: Veteran | G53: 5 | H53: 46119
A54: 699 | B54: Durnin | C54: Jonathan | D54: First Claim | E54: FALSE | F54: Veteran | G54: 5 | H54: 46119
A55: 1000 | B55: Easton | C55: Ashley | D55: First Claim | E55: FALSE | F55: Senior | H55: 46119
A56: 1332 | B56: Eaton | C56: Jo | D56: First Claim | E56: TRUE | F56: Senior | H56: 46119
A57: 682 | B57: Edmonds | C57: Lee | D57: First Claim | E57: FALSE | F57: Veteran | G57: 11 | H57: 46119
A58: 1393 | B58: Ellis | C58: Sally | D58: First Claim | E58: TRUE | F58: Veteran | G58: 10 | H58: 46119
A59: 1355 | B59: Elmer | C59: Aubrey | D59: First Claim | E59: FALSE | F59: Juvenile | H59: 46119
A60: 1164 | B60: Evans | C60: Harriet | D60: Second Claim | E60: TRUE | F60: Senior | H60: 46119
A61: 1062 | B61: Evans | C61: Mark | D61: First Claim | E61: FALSE | F61: Veteran | G61: 9 | H61: 46119
A62: 938 | B62: Evans | C62: Jane | D62: First Claim | E62: TRUE | F62: Veteran | G62: 7 | H62: 46119
A63: 1034 | B63: Fiddy | C63: Mark | D63: First Claim | E63: FALSE | F63: Senior | H63: 46119
A64: 1402 | B64: Fisher | C64: Neil | D64: First Claim | E64: FALSE | F64: Veteran | G64: 7 | H64: 46119
A65: 939 | B65: Foreman | C65: Sally | D65: First Claim | E65: TRUE | F65: Veteran | G65: 12 | H65: 46119
A66: 1377 | B66: Fraser | C66: Lucy | D66: First Claim | E66: TRUE | F66: Veteran | G66: 12 | H66: 46119
A67: 1281 | B67: Garner | C67: Gerald | D67: First Claim | E67: FALSE | F67: Veteran | G67: 19 | H67: 46119
A68: 933 | B68: Grandidge | C68: Ed | D68: First Claim | E68: FALSE | F68: Senior | H68: 46119
A69: 1274 | B69: Gowers | C69: Sophia | D69: First Claim | E69: TRUE | F69: Senior | H69: 46119
A70: 493 | B70: Halls | C70: George | D70: Honorary | E70: FALSE | F70: Veteran | G70: 37 | H70: 46119
A71: 1279 | B71: Hanner | C71: Jeffrey | D71: First Claim | E71: FALSE | F71: Veteran | G71: 4 | H71: 46119
A72: 1193 | B72: Hardwicke | C72: Richard | D72: First Claim | E72: FALSE | F72: Senior | H72: 46119
A73: 1194 | B73: Hardwicke | C73: Alex | D73: First Claim | E73: TRUE | F73: Senior | H73: 46119
A74: 1196 | B74: Hardwicke | C74: Daniel | D74: First Claim | E74: FALSE | F74: Juvenile | H74: 46119
A75: 1195 | B75: Hardwicke | C75: Charlie | D75: First Claim | E75: FALSE | F75: Juvenile | H75: 46119
A76: 1176 | B76: Harrison | C76: Rory | D76: First Claim | E76: FALSE | F76: Juvenile | H76: 46119
A77: 1174 | B77: Harrison | C77: Claire | D77: First Claim | E77: TRUE | F77: Veteran | G77: 6 | H77: 46119
A78: 1175 | B78: Harrison | C78: Richard | D78: First Claim | E78: FALSE | F78: Veteran | G78: 12 | H78: 46119
A79: 1109 | B79: Haycox | C79: Stuart | D79: First Claim | E79: FALSE | F79: Senior | H79: 46119
A80: 1073 | B80: Heald | C80: Richard | D80: First Claim | E80: FALSE | F80: Veteran | G80: 3 | H80: 46119
A81: 1400 | B81: Hernandez | C81: Elgar Aguilar | D81: First Claim | E81: FALSE | F81: Senior | H81: 46119
A82: 1367 | B82: Henderson | C82: Daniel | D82: First Claim | E82: FALSE | F82: Juvenile | H82: 46119
A83: 1366 | B83: Henderson | C83: Hannah | D83: First Claim | E83: TRUE | F83: Senior | H83: 46119
A84: 1365 | B84: Henderson | C84: Helen | D84: First Claim | E84: TRUE | F84: Veteran | G84: 7 | H84: 46119
A85: 897 | B85: Henderson | C85: Marc | D85: First Claim | E85: FALSE | F85: Veteran | G85: 13 | H85: 46119
A86: 1308 | B86: Herring | C86: Alice | D86: First Claim | E86: TRUE | F86: Veteran | G86: 2 | H86: 46119
A87: 1206 | B87: Hill | C87: Joy | D87: First Claim | E87: TRUE | F87: Veteran | G87: 8 | H87: 46119
A88: 1205 | B88: Hill | C88: Dave | D88: First Claim | E88: FALSE | F88: Veteran | G88: 14 | H88: 46119
A89: 1406 | B89: Hinxman | C89: Gavin | D89: First Claim | E89: FALSE | F89: Veteran | G89: 9 | H89: 46119
A90: 1182 | B90: Holman | C90: Neil | D90: First Claim | E90: FALSE | F90: Veteran | G90: 8 | H90: 46119
A91: 1340 | B91: Holmes | C91: Cristian | D91: First Claim | E91: FALSE | F91: Veteran | G91: 8 | H91: 46119
A92: 21 | B92: Holton | C92: Wayne | D92: First Claim | E92: FALSE | F92: Senior | H92: 46119
A93: 1049 | B93: Hopwood | C93: Duncan | D93: First Claim | E93: FALSE | F93: Veteran | G93: 19 | H93: 46119
A94: 120 | B94: Hubbard | C94: Linda | D94: First Claim | E94: TRUE | F94: Veteran | G94: 12 | H94: 46119
A95: 990 | B95: Hulme | C95: Jennifer | D95: First Claim | E95: TRUE | F95: Veteran | G95: 10 | H95: 46119
A96: 1395 | B96: Human | C96: Freya | D96: First Claim | E96: TRUE | F96: Juvenile | H96: 46119
A97: 1158 | B97: Humphries | C97: Eleanor | D97: First Claim | E97: TRUE | F97: Senior | H97: 46119
A98: 23 | B98: Hyde | C98: Chris | D98: First Claim | E98: FALSE | F98: Veteran | G98: 10 | H98: 46119
A99: 1152 | B99: Isaac | C99: Ruby | D99: Second Claim | E99: TRUE | F99: Junior | H99: 46119
A100: 581 | B100: Ives | C100: Mike | D100: First Claim | E100: FALSE | F100: Veteran | G100: 13 | H100: 46119
...

Sheet 0409_competitors_2026
A1: ClubNumber | B1: Surname | C1: GivenName | D1: ClaimStatus | E1: isFemale | F1: AgeGroup | G1: VetsBucket | H1: ImportDate
A2: 1327 | B2: Abbott | C2: James | D2: First Claim | E2: FALSE | F2: Senior | H2: 46121
A3: 1237 | B3: Abbott | C3: John | D3: First Claim | E3: FALSE | F3: Veteran | G3: 1 | H3: 46121
A4: 819 | B4: Akoslovski | C4: Kath | D4: First Claim | E4: TRUE | F4: Veteran | G4: 23 | H4: 46121
A5: 2 | B5: Alden | C5: Steve | D5: First Claim | E5: FALSE | F5: Veteran | G5: 21 | H5: 46121
A6: 1370 | B6: Aldridge | C6: Ian | D6: First Claim | E6: FALSE | F6: Veteran | G6: 4 | H6: 46121
A7: 1415 | B7: Aldridge | C7: James | D7: First Claim | E7: FALSE | F7: Juvenile | H7: 46121
A8: 1286 | B8: Allen | C8: Ian | D8: First Claim | E8: FALSE | F8: Veteran | G8: 13 | H8: 46121
A9: 1381 | B9: Allen | C9: Roland | D9: First Claim | E9: FALSE | F9: Senior | H9: 46121
A10: 1112 | B10: Ashwell | C10: Gary | D10: First Claim | E10: FALSE | F10: Veteran | G10: 16 | H10: 46121
A11: 1135 | B11: Askham | C11: Simon | D11: First Claim | E11: FALSE | F11: Veteran | G11: 1 | H11: 46121
A12: 982 | B12: Bacon | C12: Steve | D12: First Claim | E12: FALSE | F12: Veteran | G12: 22 | H12: 46121
A13: 1328 | B13: Bailey | C13: Shaun | D13: First Claim | E13: FALSE | F13: Veteran | G13: 4 | H13: 46121
A14: 369 | B14: Barnett | C14: Dean | D14: First Claim | E14: FALSE | F14: Veteran | G14: 8 | H14: 46121
A15: 7 | B15: Barnett | C15: Vic | D15: Honorary | E15: FALSE | F15: Veteran | G15: 32 | H15: 46121
A16: 473 | B16: Barnett | C16: George | D16: Honorary | E16: FALSE | F16: Veteran | G16: 33 | H16: 46121
A17: 1384 | B17: Barrett | C17: Paul | D17: First Claim | E17: FALSE | F17: Veteran | G17: 30 | H17: 46121
A18: 1348 | B18: Baxter | C18: Lydia | D18: Second Claim | E18: TRUE | F18: Senior | H18: 46121
A19: 1275 | B19: Baxter | C19: Sylvia | D19: First Claim | E19: TRUE | F19: Juvenile | H19: 46121
A20: 68 | B20: Beach | C20: Ronald | D20: Honorary | E20: FALSE | F20: Veteran | G20: 35 | H20: 46121
A21: 1035 | B21: Bell | C21: Peter | D21: First Claim | E21: FALSE | F21: Veteran | G21: 6 | H21: 46121
A22: 1416 | B22: Bellamy | C22: Henry | D22: First Claim | E22: FALSE | F22: Senior | H22: 46121
A23: 1326 | B23: Bennis | C23: Laoise | D23: First Claim | E23: TRUE | F23: Senior | H23: 46121
A24: 477 | B24: Birch | C24: Carol | D24: First Claim | E24: TRUE | F24: Veteran | G24: 34 | H24: 46121
A25: 10 | B25: Birch | C25: Dave | D25: Honorary | E25: FALSE | F25: Veteran | G25: 35 | H25: 46121
A26: 1414 | B26: Boney | C26: Allen | D26: First Claim | E26: FALSE | F26: Veteran | G26: 13 | H26: 46121
A27: 1029 | B27: Bowie | C27: Victor | D27: First Claim | E27: FALSE | F27: Veteran | G27: 28 | H27: 46121
A28: 13 | B28: Bramford | C28: Paul | D28: First Claim | E28: FALSE | F28: Veteran | G28: 28 | H28: 46121
A29: 1255 | B29: Bridgstock | C29: Anne | D29: First Claim | E29: TRUE | F29: Veteran | G29: 13 | H29: 46121
A30: 1405 | B30: Brinkman | C30: Elise | D30: First Claim | E30: TRUE | F30: Juvenile | H30: 46121
A31: 1421 | B31: Brown | C31: Gill | D31: First Claim | E31: TRUE | F31: Veteran | G31: 12 | H31: 46121
A32: 1418 | B32: Brown | C32: James | D32: First Claim | E32: FALSE | F32: Senior | H32: 46121
A33: 919 | B33: Brundell | C33: Paul | D33: First Claim | E33: FALSE | F33: Veteran | G33: 16 | H33: 46121
A34: 1319 | B34: Burgess | C34: Steve | D34: First Claim | E34: FALSE | F34: Veteran | G34: 9 | H34: 46121
A35: 1389 | B35: Campbell | C35: Billy | D35: First Claim | E35: FALSE | F35: Senior | H35: 46121
A36: 940 | B36: Chapman | C36: Alison | D36: First Claim | E36: TRUE | F36: Veteran | G36: 9 | H36: 46121
A37: 806 | B37: Chapman | C37: Mark | D37: First Claim | E37: FALSE | F37: Veteran | G37: 11 | H37: 46121
A38: 482 | B38: Clarke | C38: Nick | D38: First Claim | E38: FALSE | F38: Veteran | G38: 13 | H38: 46121
A39: 674 | B39: Clegg | C39: Jennifer | D39: Second Claim | E39: TRUE | F39: Veteran | G39: 23 | H39: 46121
A40: 1061 | B40: Collis | C40: Daryl | D40: First Claim | E40: FALSE | F40: Veteran | G40: 19 | H40: 46121
A41: 763 | B41: Condon | C41: Peter | D41: First Claim | E41: FALSE | F41: Veteran | G41: 17 | H41: 46121
A42: 1227 | B42: Copson | C42: Yvonne | D42: First Claim | E42: TRUE | F42: Veteran | G42: 8 | H42: 46121
A43: 715 | B43: Coulam | C43: Steven | D43: First Claim | E43: FALSE | F43: Veteran | G43: 5 | H43: 46121
A44: 567 | B44: Cox | C44: Lawrence | D44: First Claim | E44: FALSE | F44: Veteran | G44: 7 | H44: 46121
A45: 1391 | B45: Cuthbertson | C45: Leah | D45: First Claim | E45: TRUE | F45: Senior | H45: 46121
A46: 704 | B46: Dainty | C46: Chris | D46: First Claim | E46: FALSE | F46: Veteran | G46: 21 | H46: 46121
A47: 1283 | B47: Dare | C47: Martin | D47: First Claim | E47: FALSE | F47: Veteran | G47: 18 | H47: 46121
A48: 295 | B48: Dawkins | C48: Stuart | D48: First Claim | E48: FALSE | F48: Veteran | G48: 15 | H48: 46121
A49: 1226 | B49: Dhillon | C49: Navpreet | D49: First Claim | E49: TRUE | F49: Senior | H49: 46121
A50: 1333 | B50: Dickens | C50: Graham | D50: First Claim | E50: FALSE | F50: Veteran | G50: 3 | H50: 46121
A51: 1185 | B51: Dixey | C51: Isabelle | D51: First Claim | E51: TRUE | F51: Juvenile | H51: 46121
A52: 1065 | B52: Dixey | C52: Simon | D52: First Claim | E52: FALSE | F52: Veteran | G52: 1 | H52: 46121
A53: 1407 | B53: Dobson | C53: Colin | D53: First Claim | E53: FALSE | F53: Senior | H53: 46121
A54: 1096 | B54: Durnin | C54: Nathan | D54: First Claim | E54: FALSE | F54: Juvenile | H54: 46121
A55: 1236 | B55: Durnin | C55: Clare | D55: First Claim | E55: TRUE | F55: Veteran | G55: 5 | H55: 46121
A56: 699 | B56: Durnin | C56: Jonathan | D56: First Claim | E56: FALSE | F56: Veteran | G56: 5 | H56: 46121
A57: 1000 | B57: Easton | C57: Ashley | D57: First Claim | E57: FALSE | F57: Senior | H57: 46121
A58: 1332 | B58: Eaton | C58: Jo | D58: First Claim | E58: TRUE | F58: Senior | H58: 46121
A59: 682 | B59: Edmonds | C59: Lee | D59: First Claim | E59: FALSE | F59: Veteran | G59: 11 | H59: 46121
A60: 1393 | B60: Ellis | C60: Sally | D60: First Claim | E60: TRUE | F60: Veteran | G60: 10 | H60: 46121
A61: 1355 | B61: Elmer | C61: Aubrey | D61: First Claim | E61: FALSE | F61: Juvenile | H61: 46121
A62: 1164 | B62: Evans | C62: Harriet | D62: Second Claim | E62: TRUE | F62: Senior | H62: 46121
A63: 1062 | B63: Evans | C63: Mark | D63: First Claim | E63: FALSE | F63: Veteran | G63: 9 | H63: 46121
A64: 938 | B64: Evans | C64: Jane | D64: First Claim | E64: TRUE | F64: Veteran | G64: 7 | H64: 46121
A65: 1034 | B65: Fiddy | C65: Mark | D65: First Claim | E65: FALSE | F65: Senior | H65: 46121
A66: 1402 | B66: Fisher | C66: Neil | D66: First Claim | E66: FALSE | F66: Veteran | G66: 7 | H66: 46121
A67: 939 | B67: Foreman | C67: Sally | D67: First Claim | E67: TRUE | F67: Veteran | G67: 12 | H67: 46121
A68: 1377 | B68: Fraser | C68: Lucy | D68: First Claim | E68: TRUE | F68: Veteran | G68: 12 | H68: 46121
A69: 1281 | B69: Garner | C69: Gerald | D69: First Claim | E69: FALSE | F69: Veteran | G69: 19 | H69: 46121
A70: 933 | B70: Grandidge | C70: Ed | D70: First Claim | E70: FALSE | F70: Senior | H70: 46121
A71: 1274 | B71: Gowers | C71: Sophia | D71: First Claim | E71: TRUE | F71: Senior | H71: 46121
A72: 493 | B72: Halls | C72: George | D72: Honorary | E72: FALSE | F72: Veteran | G72: 37 | H72: 46121
A73: 1279 | B73: Hanner | C73: Jeffrey | D73: First Claim | E73: FALSE | F73: Veteran | G73: 4 | H73: 46121
A74: 1193 | B74: Hardwicke | C74: Richard | D74: First Claim | E74: FALSE | F74: Senior | H74: 46121
A75: 1194 | B75: Hardwicke | C75: Alex | D75: First Claim | E75: TRUE | F75: Senior | H75: 46121
A76: 1196 | B76: Hardwicke | C76: Daniel | D76: First Claim | E76: FALSE | F76: Juvenile | H76: 46121
A77: 1195 | B77: Hardwicke | C77: Charlie | D77: First Claim | E77: FALSE | F77: Juvenile | H77: 46121
A78: 1176 | B78: Harrison | C78: Rory | D78: First Claim | E78: FALSE | F78: Juvenile | H78: 46121
A79: 1174 | B79: Harrison | C79: Claire | D79: First Claim | E79: TRUE | F79: Veteran | G79: 6 | H79: 46121
A80: 1175 | B80: Harrison | C80: Richard | D80: First Claim | E80: FALSE | F80: Veteran | G80: 12 | H80: 46121
A81: 1109 | B81: Haycox | C81: Stuart | D81: First Claim | E81: FALSE | F81: Senior | H81: 46121
A82: 1073 | B82: Heald | C82: Richard | D82: First Claim | E82: FALSE | F82: Veteran | G82: 3 | H82: 46121
A83: 1400 | B83: Hernandez | C83: Elgar Aguilar | D83: First Claim | E83: FALSE | F83: Senior | H83: 46121
A84: 1367 | B84: Henderson | C84: Daniel | D84: First Claim | E84: FALSE | F84: Juvenile | H84: 46121
A85: 1366 | B85: Henderson | C85: Hannah | D85: First Claim | E85: TRUE | F85: Senior | H85: 46121
A86: 1365 | B86: Henderson | C86: Helen | D86: First Claim | E86: TRUE | F86: Veteran | G86: 7 | H86: 46121
A87: 897 | B87: Henderson | C87: Marc | D87: First Claim | E87: FALSE | F87: Veteran | G87: 13 | H87: 46121
A88: 1308 | B88: Herring | C88: Alice | D88: First Claim | E88: TRUE | F88: Veteran | G88: 2 | H88: 46121
A89: 1206 | B89: Hill | C89: Joy | D89: First Claim | E89: TRUE | F89: Veteran | G89: 8 | H89: 46121
A90: 1205 | B90: Hill | C90: Dave | D90: First Claim | E90: FALSE | F90: Veteran | G90: 14 | H90: 46121
A91: 1406 | B91: Hinxman | C91: Gavin | D91: First Claim | E91: FALSE | F91: Veteran | G91: 9 | H91: 46121
A92: 1182 | B92: Holman | C92: Neil | D92: First Claim | E92: FALSE | F92: Veteran | G92: 8 | H92: 46121
A93: 1340 | B93: Holmes | C93: Cristian | D93: First Claim | E93: FALSE | F93: Veteran | G93: 8 | H93: 46121
A94: 21 | B94: Holton | C94: Wayne | D94: First Claim | E94: FALSE | F94: Senior | H94: 46121
A95: 1049 | B95: Hopwood | C95: Duncan | D95: First Claim | E95: FALSE | F95: Veteran | G95: 19 | H95: 46121
A96: 120 | B96: Hubbard | C96: Linda | D96: First Claim | E96: TRUE | F96: Veteran | G96: 12 | H96: 46121
A97: 990 | B97: Hulme | C97: Jennifer | D97: First Claim | E97: TRUE | F97: Veteran | G97: 10 | H97: 46121
A98: 1395 | B98: Human | C98: Freya | D98: First Claim | E98: TRUE | F98: Juvenile | H98: 46121
A99: 1158 | B99: Humphries | C99: Eleanor | D99: First Claim | E99: TRUE | F99: Senior | H99: 46121
A100: 23 | B100: Hyde | C100: Chris | D100: First Claim | E100: FALSE | F100: Veteran | G100: 10 | H100: 46121
...

Sheet 0413_competitors_2026
A1: ClubNumber | B1: Surname | C1: GivenName | D1: ClaimStatus | E1: isFemale | F1: AgeGroup | G1: VetsBucket | H1: ImportDate
A2: 1327 | B2: Abbott | C2: James | D2: First Claim | E2: FALSE | F2: Senior | H2: 46125
A3: 1237 | B3: Abbott | C3: John | D3: First Claim | E3: FALSE | F3: Veteran | G3: 1 | H3: 46125
A4: 819 | B4: Akoslovski | C4: Kath | D4: First Claim | E4: TRUE | F4: Veteran | G4: 23 | H4: 46125
A5: 2 | B5: Alden | C5: Steve | D5: First Claim | E5: FALSE | F5: Veteran | G5: 21 | H5: 46125
A6: 1370 | B6: Aldridge | C6: Ian | D6: First Claim | E6: FALSE | F6: Veteran | G6: 4 | H6: 46125
A7: 1415 | B7: Aldridge | C7: James | D7: First Claim | E7: FALSE | F7: Juvenile | H7: 46125
A8: 1286 | B8: Allen | C8: Ian | D8: First Claim | E8: FALSE | F8: Veteran | G8: 13 | H8: 46125
A9: 1381 | B9: Allen | C9: Roland | D9: First Claim | E9: FALSE | F9: Senior | H9: 46125
A10: 1112 | B10: Ashwell | C10: Gary | D10: First Claim | E10: FALSE | F10: Veteran | G10: 16 | H10: 46125
A11: 1135 | B11: Askham | C11: Simon | D11: First Claim | E11: FALSE | F11: Veteran | G11: 1 | H11: 46125
A12: 982 | B12: Bacon | C12: Steve | D12: First Claim | E12: FALSE | F12: Veteran | G12: 22 | H12: 46125
A13: 1328 | B13: Bailey | C13: Shaun | D13: First Claim | E13: FALSE | F13: Veteran | G13: 4 | H13: 46125
A14: 369 | B14: Barnett | C14: Dean | D14: First Claim | E14: FALSE | F14: Veteran | G14: 8 | H14: 46125
A15: 7 | B15: Barnett | C15: Vic | D15: Honorary | E15: FALSE | F15: Veteran | G15: 32 | H15: 46125
A16: 473 | B16: Barnett | C16: George | D16: Honorary | E16: FALSE | F16: Veteran | G16: 33 | H16: 46125
A17: 1384 | B17: Barrett | C17: Paul | D17: First Claim | E17: FALSE | F17: Veteran | G17: 30 | H17: 46125
A18: 1348 | B18: Baxter | C18: Lydia | D18: Second Claim | E18: TRUE | F18: Senior | H18: 46125
A19: 1275 | B19: Baxter | C19: Sylvia | D19: First Claim | E19: TRUE | F19: Juvenile | H19: 46125
A20: 68 | B20: Beach | C20: Ronald | D20: Honorary | E20: FALSE | F20: Veteran | G20: 35 | H20: 46125
A21: 1035 | B21: Bell | C21: Peter | D21: First Claim | E21: FALSE | F21: Veteran | G21: 6 | H21: 46125
A22: 1416 | B22: Bellamy | C22: Henry | D22: First Claim | E22: FALSE | F22: Senior | H22: 46125
A23: 1326 | B23: Bennis | C23: Laoise | D23: First Claim | E23: TRUE | F23: Senior | H23: 46125
A24: 477 | B24: Birch | C24: Carol | D24: First Claim | E24: TRUE | F24: Veteran | G24: 34 | H24: 46125
A25: 10 | B25: Birch | C25: Dave | D25: Honorary | E25: FALSE | F25: Veteran | G25: 35 | H25: 46125
A26: 1414 | B26: Boney | C26: Allen | D26: First Claim | E26: FALSE | F26: Veteran | G26: 13 | H26: 46125
A27: 1029 | B27: Bowie | C27: Victor | D27: First Claim | E27: FALSE | F27: Veteran | G27: 28 | H27: 46125
A28: 13 | B28: Bramford | C28: Paul | D28: First Claim | E28: FALSE | F28: Veteran | G28: 28 | H28: 46125
A29: 1255 | B29: Bridgstock | C29: Anne | D29: First Claim | E29: TRUE | F29: Veteran | G29: 13 | H29: 46125
A30: 1405 | B30: Brinkman | C30: Elise | D30: First Claim | E30: TRUE | F30: Juvenile | H30: 46125
A31: 1421 | B31: Brown | C31: Gill | D31: First Claim | E31: TRUE | F31: Veteran | G31: 12 | H31: 46125
A32: 1418 | B32: Brown | C32: James | D32: First Claim | E32: FALSE | F32: Senior | H32: 46125
A33: 919 | B33: Brundell | C33: Paul | D33: First Claim | E33: FALSE | F33: Veteran | G33: 16 | H33: 46125
A34: 1319 | B34: Burgess | C34: Steve | D34: First Claim | E34: FALSE | F34: Veteran | G34: 9 | H34: 46125
A35: 1389 | B35: Campbell | C35: Billy | D35: First Claim | E35: FALSE | F35: Senior | H35: 46125
A36: 940 | B36: Chapman | C36: Alison | D36: First Claim | E36: TRUE | F36: Veteran | G36: 9 | H36: 46125
A37: 806 | B37: Chapman | C37: Mark | D37: First Claim | E37: FALSE | F37: Veteran | G37: 11 | H37: 46125
A38: 482 | B38: Clarke | C38: Nick | D38: First Claim | E38: FALSE | F38: Veteran | G38: 13 | H38: 46125
A39: 674 | B39: Clegg | C39: Jennifer | D39: Second Claim | E39: TRUE | F39: Veteran | G39: 23 | H39: 46125
A40: 1061 | B40: Collis | C40: Daryl | D40: First Claim | E40: FALSE | F40: Veteran | G40: 19 | H40: 46125
A41: 763 | B41: Condon | C41: Peter | D41: First Claim | E41: FALSE | F41: Veteran | G41: 17 | H41: 46125
A42: 1227 | B42: Copson | C42: Yvonne | D42: First Claim | E42: TRUE | F42: Veteran | G42: 8 | H42: 46125
A43: 715 | B43: Coulam | C43: Steven | D43: First Claim | E43: FALSE | F43: Veteran | G43: 5 | H43: 46125
A44: 567 | B44: Cox | C44: Lawrence | D44: First Claim | E44: FALSE | F44: Veteran | G44: 7 | H44: 46125
A45: 1391 | B45: Cuthbertson | C45: Leah | D45: First Claim | E45: TRUE | F45: Senior | H45: 46125
A46: 704 | B46: Dainty | C46: Chris | D46: First Claim | E46: FALSE | F46: Veteran | G46: 21 | H46: 46125
A47: 1283 | B47: Dare | C47: Martin | D47: First Claim | E47: FALSE | F47: Veteran | G47: 18 | H47: 46125
A48: 295 | B48: Dawkins | C48: Stuart | D48: First Claim | E48: FALSE | F48: Veteran | G48: 15 | H48: 46125
A49: 1226 | B49: Dhillon | C49: Navpreet | D49: First Claim | E49: TRUE | F49: Senior | H49: 46125
A50: 1333 | B50: Dickens | C50: Graham | D50: First Claim | E50: FALSE | F50: Veteran | G50: 3 | H50: 46125
A51: 1185 | B51: Dixey | C51: Isabelle | D51: First Claim | E51: TRUE | F51: Juvenile | H51: 46125
A52: 1065 | B52: Dixey | C52: Simon | D52: First Claim | E52: FALSE | F52: Veteran | G52: 1 | H52: 46125
A53: 1407 | B53: Dobson | C53: Colin | D53: First Claim | E53: FALSE | F53: Senior | H53: 46125
A54: 1096 | B54: Durnin | C54: Nathan | D54: First Claim | E54: FALSE | F54: Juvenile | H54: 46125
A55: 1236 | B55: Durnin | C55: Clare | D55: First Claim | E55: TRUE | F55: Veteran | G55: 5 | H55: 46125
A56: 699 | B56: Durnin | C56: Jonathan | D56: First Claim | E56: FALSE | F56: Veteran | G56: 5 | H56: 46125
A57: 1000 | B57: Easton | C57: Ashley | D57: First Claim | E57: FALSE | F57: Senior | H57: 46125
A58: 1332 | B58: Eaton | C58: Jo | D58: First Claim | E58: TRUE | F58: Senior | H58: 46125
A59: 682 | B59: Edmonds | C59: Lee | D59: First Claim | E59: FALSE | F59: Veteran | G59: 11 | H59: 46125
A60: 1393 | B60: Ellis | C60: Sally | D60: First Claim | E60: TRUE | F60: Veteran | G60: 10 | H60: 46125
A61: 1355 | B61: Elmer | C61: Aubrey | D61: First Claim | E61: FALSE | F61: Juvenile | H61: 46125
A62: 1164 | B62: Evans | C62: Harriet | D62: Second Claim | E62: TRUE | F62: Senior | H62: 46125
A63: 1062 | B63: Evans | C63: Mark | D63: First Claim | E63: FALSE | F63: Veteran | G63: 9 | H63: 46125
A64: 938 | B64: Evans | C64: Jane | D64: First Claim | E64: TRUE | F64: Veteran | G64: 7 | H64: 46125
A65: 1034 | B65: Fiddy | C65: Mark | D65: First Claim | E65: FALSE | F65: Senior | H65: 46125
A66: 1402 | B66: Fisher | C66: Neil | D66: First Claim | E66: FALSE | F66: Veteran | G66: 7 | H66: 46125
A67: 939 | B67: Foreman | C67: Sally | D67: First Claim | E67: TRUE | F67: Veteran | G67: 12 | H67: 46125
A68: 1377 | B68: Fraser | C68: Lucy | D68: First Claim | E68: TRUE | F68: Veteran | G68: 12 | H68: 46125
A69: 1281 | B69: Garner | C69: Gerald | D69: First Claim | E69: FALSE | F69: Veteran | G69: 19 | H69: 46125
A70: 933 | B70: Grandidge | C70: Ed | D70: First Claim | E70: FALSE | F70: Senior | H70: 46125
A71: 1274 | B71: Gowers | C71: Sophia | D71: First Claim | E71: TRUE | F71: Senior | H71: 46125
A72: 493 | B72: Halls | C72: George | D72: Honorary | E72: FALSE | F72: Veteran | G72: 37 | H72: 46125
A73: 1279 | B73: Hanner | C73: Jeffrey | D73: First Claim | E73: FALSE | F73: Veteran | G73: 4 | H73: 46125
A74: 1193 | B74: Hardwicke | C74: Richard | D74: First Claim | E74: FALSE | F74: Senior | H74: 46125
A75: 1194 | B75: Hardwicke | C75: Alex | D75: First Claim | E75: TRUE | F75: Senior | H75: 46125
A76: 1196 | B76: Hardwicke | C76: Daniel | D76: First Claim | E76: FALSE | F76: Juvenile | H76: 46125
A77: 1195 | B77: Hardwicke | C77: Charlie | D77: First Claim | E77: FALSE | F77: Juvenile | H77: 46125
A78: 1176 | B78: Harrison | C78: Rory | D78: First Claim | E78: FALSE | F78: Juvenile | H78: 46125
A79: 1174 | B79: Harrison | C79: Claire | D79: First Claim | E79: TRUE | F79: Veteran | G79: 6 | H79: 46125
A80: 1175 | B80: Harrison | C80: Richard | D80: First Claim | E80: FALSE | F80: Veteran | G80: 12 | H80: 46125
A81: 1109 | B81: Haycox | C81: Stuart | D81: First Claim | E81: FALSE | F81: Senior | H81: 46125
A82: 1073 | B82: Heald | C82: Richard | D82: First Claim | E82: FALSE | F82: Veteran | G82: 3 | H82: 46125
A83: 1400 | B83: Hernandez | C83: Elgar Aguilar | D83: First Claim | E83: FALSE | F83: Senior | H83: 46125
A84: 1367 | B84: Henderson | C84: Daniel | D84: First Claim | E84: FALSE | F84: Juvenile | H84: 46125
A85: 1366 | B85: Henderson | C85: Hannah | D85: First Claim | E85: TRUE | F85: Senior | H85: 46125
A86: 1365 | B86: Henderson | C86: Helen | D86: First Claim | E86: TRUE | F86: Veteran | G86: 7 | H86: 46125
A87: 897 | B87: Henderson | C87: Marc | D87: First Claim | E87: FALSE | F87: Veteran | G87: 13 | H87: 46125
A88: 1308 | B88: Herring | C88: Alice | D88: First Claim | E88: TRUE | F88: Veteran | G88: 2 | H88: 46125
A89: 1206 | B89: Hill | C89: Joy | D89: First Claim | E89: TRUE | F89: Veteran | G89: 8 | H89: 46125
A90: 1205 | B90: Hill | C90: Dave | D90: First Claim | E90: FALSE | F90: Veteran | G90: 14 | H90: 46125
A91: 1406 | B91: Hinxman | C91: Gavin | D91: First Claim | E91: FALSE | F91: Veteran | G91: 9 | H91: 46125
A92: 1182 | B92: Holman | C92: Neil | D92: First Claim | E92: FALSE | F92: Veteran | G92: 8 | H92: 46125
A93: 1340 | B93: Holmes | C93: Cristian | D93: First Claim | E93: FALSE | F93: Veteran | G93: 8 | H93: 46125
A94: 21 | B94: Holton | C94: Wayne | D94: First Claim | E94: FALSE | F94: Senior | H94: 46125
A95: 1049 | B95: Hopwood | C95: Duncan | D95: First Claim | E95: FALSE | F95: Veteran | G95: 19 | H95: 46125
A96: 120 | B96: Hubbard | C96: Linda | D96: First Claim | E96: TRUE | F96: Veteran | G96: 12 | H96: 46125
A97: 990 | B97: Hulme | C97: Jennifer | D97: First Claim | E97: TRUE | F97: Veteran | G97: 10 | H97: 46125
A98: 1395 | B98: Human | C98: Freya | D98: First Claim | E98: TRUE | F98: Juvenile | H98: 46125
A99: 1158 | B99: Humphries | C99: Eleanor | D99: First Claim | E99: TRUE | F99: Senior | H99: 46125
A100: 23 | B100: Hyde | C100: Chris | D100: First Claim | E100: FALSE | F100: Veteran | G100: 10 | H100: 46125
...

Sheet 0512_competitors_2026
A1: ClubNumber | B1: Surname | C1: GivenName | D1: ClaimStatus | E1: isFemale | F1: AgeGroup | G1: VetsBucket | H1: ImportDate
A2: 1327 | B2: Abbott | C2: James | D2: First Claim | E2: False | F2: Senior | H2: 46154
A3: 1237 | B3: Abbott | C3: John | D3: First Claim | E3: False | F3: Veteran | G3: 1 | H3: 46154
A4: 819 | B4: Akoslovski | C4: Kath | D4: First Claim | E4: True | F4: Veteran | G4: 23 | H4: 46154
A5: 2 | B5: Alden | C5: Steve | D5: First Claim | E5: False | F5: Veteran | G5: 21 | H5: 46154
A6: 1370 | B6: Aldridge | C6: Ian | D6: First Claim | E6: False | F6: Veteran | G6: 4 | H6: 46154
A7: 1415 | B7: Aldridge | C7: James | D7: First Claim | E7: False | F7: Juvenile | H7: 46154
A8: 1286 | B8: Allen | C8: Ian | D8: First Claim | E8: False | F8: Veteran | G8: 13 | H8: 46154
A9: 1381 | B9: Allen | C9: Roland | D9: First Claim | E9: False | F9: Senior | H9: 46154
A10: 1112 | B10: Ashwell | C10: Gary | D10: First Claim | E10: False | F10: Veteran | G10: 16 | H10: 46154
A11: 1135 | B11: Askham | C11: Simon | D11: First Claim | E11: False | F11: Veteran | G11: 1 | H11: 46154
A12: 982 | B12: Bacon | C12: Steve | D12: First Claim | E12: False | F12: Veteran | G12: 22 | H12: 46154
A13: 1328 | B13: Bailey | C13: Shaun | D13: First Claim | E13: False | F13: Veteran | G13: 4 | H13: 46154
A14: 369 | B14: Barnett | C14: Dean | D14: First Claim | E14: False | F14: Veteran | G14: 8 | H14: 46154
A15: 7 | B15: Barnett | C15: Vic | D15: Honorary | E15: False | F15: Veteran | G15: 32 | H15: 46154
A16: 473 | B16: Barnett | C16: George | D16: Honorary | E16: False | F16: Veteran | G16: 33 | H16: 46154
A17: 1384 | B17: Barrett | C17: Paul | D17: First Claim | E17: False | F17: Veteran | G17: 30 | H17: 46154
A18: 1348 | B18: Baxter | C18: Lydia | D18: Second Claim | E18: True | F18: Senior | H18: 46154
A19: 1275 | B19: Baxter | C19: Sylvia | D19: First Claim | E19: True | F19: Juvenile | H19: 46154
A20: 68 | B20: Beach | C20: Ronald | D20: Honorary | E20: False | F20: Veteran | G20: 35 | H20: 46154
A21: 1035 | B21: Bell | C21: Peter | D21: First Claim | E21: False | F21: Veteran | G21: 6 | H21: 46154
A22: 1416 | B22: Bellamy | C22: Henry | D22: First Claim | E22: False | F22: Senior | H22: 46154
A23: 1326 | B23: Bennis | C23: Laoise | D23: First Claim | E23: True | F23: Senior | H23: 46154
A24: 477 | B24: Birch | C24: Carol | D24: First Claim | E24: True | F24: Veteran | G24: 34 | H24: 46154
A25: 10 | B25: Birch | C25: Dave | D25: Honorary | E25: False | F25: Veteran | G25: 35 | H25: 46154
A26: 1414 | B26: Boney | C26: Allen | D26: First Claim | E26: False | F26: Veteran | G26: 13 | H26: 46154
A27: 1029 | B27: Bowie | C27: Victor | D27: First Claim | E27: False | F27: Veteran | G27: 28 | H27: 46154
A28: 13 | B28: Bramford | C28: Paul | D28: First Claim | E28: False | F28: Veteran | G28: 28 | H28: 46154
A29: 1255 | B29: Bridgstock | C29: Anne | D29: First Claim | E29: True | F29: Veteran | G29: 13 | H29: 46154
A30: 1405 | B30: Brinkman | C30: Elise | D30: First Claim | E30: True | F30: Juvenile | H30: 46154
A31: 1421 | B31: Brown | C31: Gill | D31: First Claim | E31: True | F31: Veteran | G31: 12 | H31: 46154
A32: 1418 | B32: Brown | C32: James | D32: First Claim | E32: False | F32: Senior | H32: 46154
A33: 919 | B33: Brundell | C33: Paul | D33: First Claim | E33: False | F33: Veteran | G33: 16 | H33: 46154
A34: 1319 | B34: Burgess | C34: Steve | D34: First Claim | E34: False | F34: Veteran | G34: 9 | H34: 46154
A35: 1389 | B35: Campbell | C35: Billy | D35: First Claim | E35: False | F35: Senior | H35: 46154
A36: 940 | B36: Chapman | C36: Alison | D36: First Claim | E36: True | F36: Veteran | G36: 9 | H36: 46154
A37: 806 | B37: Chapman | C37: Mark | D37: First Claim | E37: False | F37: Veteran | G37: 11 | H37: 46154
A38: 482 | B38: Clarke | C38: Nick | D38: First Claim | E38: False | F38: Veteran | G38: 13 | H38: 46154
A39: 674 | B39: Clegg | C39: Jennifer | D39: Second Claim | E39: True | F39: Veteran | G39: 23 | H39: 46154
A40: 1061 | B40: Collis | C40: Daryl | D40: First Claim | E40: False | F40: Veteran | G40: 19 | H40: 46154
A41: 763 | B41: Condon | C41: Peter | D41: First Claim | E41: False | F41: Veteran | G41: 17 | H41: 46154
A42: 1227 | B42: Copson | C42: Yvonne | D42: First Claim | E42: True | F42: Veteran | G42: 8 | H42: 46154
A43: 715 | B43: Coulam | C43: Steven | D43: First Claim | E43: False | F43: Veteran | G43: 5 | H43: 46154
A44: 567 | B44: Cox | C44: Lawrence | D44: First Claim | E44: False | F44: Veteran | G44: 7 | H44: 46154
A45: 1391 | B45: Cuthbertson | C45: Leah | D45: First Claim | E45: True | F45: Senior | H45: 46154
A46: 704 | B46: Dainty | C46: Chris | D46: First Claim | E46: False | F46: Veteran | G46: 21 | H46: 46154
A47: 1283 | B47: Dare | C47: Martin | D47: First Claim | E47: False | F47: Veteran | G47: 18 | H47: 46154
A48: 295 | B48: Dawkins | C48: Stuart | D48: First Claim | E48: False | F48: Veteran | G48: 15 | H48: 46154
A49: 1226 | B49: Dhillon | C49: Navpreet | D49: First Claim | E49: True | F49: Senior | H49: 46154
A50: 1333 | B50: Dickens | C50: Graham | D50: First Claim | E50: False | F50: Veteran | G50: 3 | H50: 46154
A51: 1185 | B51: Dixey | C51: Isabelle | D51: First Claim | E51: True | F51: Juvenile | H51: 46154
A52: 1065 | B52: Dixey | C52: Simon | D52: First Claim | E52: False | F52: Veteran | G52: 1 | H52: 46154
A53: 1407 | B53: Dobson | C53: Colin | D53: First Claim | E53: False | F53: Senior | H53: 46154
A54: 1096 | B54: Durnin | C54: Nathan | D54: First Claim | E54: False | F54: Juvenile | H54: 46154
A55: 1236 | B55: Durnin | C55: Clare | D55: First Claim | E55: True | F55: Veteran | G55: 5 | H55: 46154
A56: 699 | B56: Durnin | C56: Jonathan | D56: First Claim | E56: False | F56: Veteran | G56: 5 | H56: 46154
A57: 1000 | B57: Easton | C57: Ashley | D57: First Claim | E57: False | F57: Senior | H57: 46154
A58: 1332 | B58: Eaton | C58: Jo | D58: First Claim | E58: True | F58: Senior | H58: 46154
A59: 682 | B59: Edmonds | C59: Lee | D59: First Claim | E59: False | F59: Veteran | G59: 11 | H59: 46154
A60: 1393 | B60: Ellis | C60: Sally | D60: First Claim | E60: True | F60: Veteran | G60: 10 | H60: 46154
A61: 1355 | B61: Elmer | C61: Aubrey | D61: First Claim | E61: False | F61: Juvenile | H61: 46154
A62: 1164 | B62: Evans | C62: Harriet | D62: Second Claim | E62: True | F62: Senior | H62: 46154
A63: 1062 | B63: Evans | C63: Mark | D63: First Claim | E63: False | F63: Veteran | G63: 9 | H63: 46154
A64: 938 | B64: Evans | C64: Jane | D64: First Claim | E64: True | F64: Veteran | G64: 7 | H64: 46154
A65: 1427 | B65: Evans | C65: Ruth | D65: First Claim | E65: True | F65: Veteran | G65: 16 | H65: 46154
A66: 1034 | B66: Fiddy | C66: Mark | D66: First Claim | E66: False | F66: Senior | H66: 46154
A67: 1402 | B67: Fisher | C67: Neil | D67: First Claim | E67: False | F67: Veteran | G67: 7 | H67: 46154
A68: 939 | B68: Foreman | C68: Sally | D68: First Claim | E68: True | F68: Veteran | G68: 12 | H68: 46154
A69: 1377 | B69: Fraser | C69: Lucy | D69: First Claim | E69: True | F69: Veteran | G69: 12 | H69: 46154
A70: 1281 | B70: Garner | C70: Gerald | D70: First Claim | E70: False | F70: Veteran | G70: 19 | H70: 46154
A71: 933 | B71: Grandidge | C71: Ed | D71: First Claim | E71: False | F71: Senior | H71: 46154
A72: 1274 | B72: Gowers | C72: Sophia | D72: First Claim | E72: True | F72: Senior | H72: 46154
A73: 493 | B73: Halls | C73: George | D73: Honorary | E73: False | F73: Veteran | G73: 37 | H73: 46154
A74: 1279 | B74: Hanner | C74: Jeffrey | D74: First Claim | E74: False | F74: Veteran | G74: 4 | H74: 46154
A75: 1193 | B75: Hardwicke | C75: Richard | D75: First Claim | E75: False | F75: Senior | H75: 46154
A76: 1194 | B76: Hardwicke | C76: Alex | D76: First Claim | E76: True | F76: Senior | H76: 46154
A77: 1196 | B77: Hardwicke | C77: Daniel | D77: First Claim | E77: False | F77: Juvenile | H77: 46154
A78: 1195 | B78: Hardwicke | C78: Charlie | D78: First Claim | E78: False | F78: Juvenile | H78: 46154
A79: 1176 | B79: Harrison | C79: Rory | D79: First Claim | E79: False | F79: Juvenile | H79: 46154
A80: 1174 | B80: Harrison | C80: Claire | D80: First Claim | E80: True | F80: Veteran | G80: 6 | H80: 46154
A81: 1175 | B81: Harrison | C81: Richard | D81: First Claim | E81: False | F81: Veteran | G81: 12 | H81: 46154
A82: 1109 | B82: Haycox | C82: Stuart | D82: First Claim | E82: False | F82: Senior | H82: 46154
A83: 1073 | B83: Heald | C83: Richard | D83: First Claim | E83: False | F83: Veteran | G83: 3 | H83: 46154
A84: 1400 | B84: Hernandez | C84: Elgar Aguilar | D84: First Claim | E84: False | F84: Senior | H84: 46154
A85: 1367 | B85: Henderson | C85: Daniel | D85: First Claim | E85: False | F85: Juvenile | H85: 46154
A86: 1366 | B86: Henderson | C86: Hannah | D86: First Claim | E86: True | F86: Senior | H86: 46154
A87: 1365 | B87: Henderson | C87: Helen | D87: First Claim | E87: True | F87: Veteran | G87: 7 | H87: 46154
A88: 897 | B88: Henderson | C88: Marc | D88: First Claim | E88: False | F88: Veteran | G88: 13 | H88: 46154
A89: 1308 | B89: Herring | C89: Alice | D89: First Claim | E89: True | F89: Veteran | G89: 2 | H89: 46154
A90: 1206 | B90: Hill | C90: Joy | D90: First Claim | E90: True | F90: Veteran | G90: 8 | H90: 46154
A91: 1205 | B91: Hill | C91: Dave | D91: First Claim | E91: False | F91: Veteran | G91: 14 | H91: 46154
A92: 1406 | B92: Hinxman | C92: Gavin | D92: First Claim | E92: False | F92: Veteran | G92: 9 | H92: 46154
A93: 1182 | B93: Holman | C93: Neil | D93: First Claim | E93: False | F93: Veteran | G93: 8 | H93: 46154
A94: 1340 | B94: Holmes | C94: Cristian | D94: First Claim | E94: False | F94: Veteran | G94: 8 | H94: 46154
A95: 21 | B95: Holton | C95: Wayne | D95: First Claim | E95: False | F95: Senior | H95: 46154
A96: 1049 | B96: Hopwood | C96: Duncan | D96: First Claim | E96: False | F96: Veteran | G96: 19 | H96: 46154
A97: 120 | B97: Hubbard | C97: Linda | D97: First Claim | E97: True | F97: Veteran | G97: 12 | H97: 46154
A98: 990 | B98: Hulme | C98: Jennifer | D98: First Claim | E98: True | F98: Veteran | G98: 10 | H98: 46154
A99: 1395 | B99: Human | C99: Freya | D99: First Claim | E99: True | F99: Juvenile | H99: 46154
A100: 1158 | B100: Humphries | C100: Eleanor | D100: First Claim | E100: True | F100: Senior | H100: 46154
...

Sheet 0515_competitors_2026
A1: ClubNumber | B1: Surname | C1: GivenName | D1: ClaimStatus | E1: isFemale | F1: AgeGroup | G1: VetsBucket | H1: ImportDate
A2: 1327 | B2: Abbott | C2: James | D2: First Claim | E2: False | F2: Senior | H2: 46157
A3: 1237 | B3: Abbott | C3: John | D3: First Claim | E3: False | F3: Veteran | G3: 1 | H3: 46157
A4: 819 | B4: Akoslovski | C4: Kath | D4: First Claim | E4: True | F4: Veteran | G4: 23 | H4: 46157
A5: 2 | B5: Alden | C5: Steve | D5: First Claim | E5: False | F5: Veteran | G5: 21 | H5: 46157
A6: 1370 | B6: Aldridge | C6: Ian | D6: First Claim | E6: False | F6: Veteran | G6: 4 | H6: 46157
A7: 1415 | B7: Aldridge | C7: James | D7: First Claim | E7: False | F7: Juvenile | H7: 46157
A8: 1286 | B8: Allen | C8: Ian | D8: First Claim | E8: False | F8: Veteran | G8: 13 | H8: 46157
A9: 1381 | B9: Allen | C9: Roland | D9: First Claim | E9: False | F9: Senior | H9: 46157
A10: 1112 | B10: Ashwell | C10: Gary | D10: First Claim | E10: False | F10: Veteran | G10: 16 | H10: 46157
A11: 1135 | B11: Askham | C11: Simon | D11: First Claim | E11: False | F11: Veteran | G11: 1 | H11: 46157
A12: 982 | B12: Bacon | C12: Steve | D12: First Claim | E12: False | F12: Veteran | G12: 22 | H12: 46157
A13: 1328 | B13: Bailey | C13: Shaun | D13: First Claim | E13: False | F13: Veteran | G13: 4 | H13: 46157
A14: 369 | B14: Barnett | C14: Dean | D14: First Claim | E14: False | F14: Veteran | G14: 8 | H14: 46157
A15: 7 | B15: Barnett | C15: Vic | D15: Honorary | E15: False | F15: Veteran | G15: 32 | H15: 46157
A16: 473 | B16: Barnett | C16: George | D16: Honorary | E16: False | F16: Veteran | G16: 33 | H16: 46157
A17: 1384 | B17: Barrett | C17: Paul | D17: First Claim | E17: False | F17: Veteran | G17: 30 | H17: 46157
A18: 1348 | B18: Baxter | C18: Lydia | D18: Second Claim | E18: True | F18: Senior | H18: 46157
A19: 1275 | B19: Baxter | C19: Sylvia | D19: First Claim | E19: True | F19: Juvenile | H19: 46157
A20: 68 | B20: Beach | C20: Ronald | D20: Honorary | E20: False | F20: Veteran | G20: 35 | H20: 46157
A21: 1035 | B21: Bell | C21: Peter | D21: First Claim | E21: False | F21: Veteran | G21: 6 | H21: 46157
A22: 1416 | B22: Bellamy | C22: Henry | D22: First Claim | E22: False | F22: Senior | H22: 46157
A23: 1326 | B23: Bennis | C23: Laoise | D23: First Claim | E23: True | F23: Senior | H23: 46157
A24: 477 | B24: Birch | C24: Carol | D24: First Claim | E24: True | F24: Veteran | G24: 34 | H24: 46157
A25: 10 | B25: Birch | C25: Dave | D25: Honorary | E25: False | F25: Veteran | G25: 35 | H25: 46157
A26: 1414 | B26: Boney | C26: Allen | D26: First Claim | E26: False | F26: Veteran | G26: 13 | H26: 46157
A27: 1029 | B27: Bowie | C27: Victor | D27: First Claim | E27: False | F27: Veteran | G27: 28 | H27: 46157
A28: 13 | B28: Bramford | C28: Paul | D28: First Claim | E28: False | F28: Veteran | G28: 28 | H28: 46157
A29: 1255 | B29: Bridgstock | C29: Anne | D29: First Claim | E29: True | F29: Veteran | G29: 13 | H29: 46157
A30: 1405 | B30: Brinkman | C30: Elise | D30: First Claim | E30: True | F30: Juvenile | H30: 46157
A31: 1421 | B31: Brown | C31: Gill | D31: First Claim | E31: True | F31: Veteran | G31: 12 | H31: 46157
A32: 1418 | B32: Brown | C32: James | D32: First Claim | E32: False | F32: Senior | H32: 46157
A33: 919 | B33: Brundell | C33: Paul | D33: First Claim | E33: False | F33: Veteran | G33: 16 | H33: 46157
A34: 1319 | B34: Burgess | C34: Steve | D34: First Claim | E34: False | F34: Veteran | G34: 9 | H34: 46157
A35: 1389 | B35: Campbell | C35: Billy | D35: First Claim | E35: False | F35: Senior | H35: 46157
A36: 940 | B36: Chapman | C36: Alison | D36: First Claim | E36: True | F36: Veteran | G36: 9 | H36: 46157
A37: 806 | B37: Chapman | C37: Mark | D37: First Claim | E37: False | F37: Veteran | G37: 11 | H37: 46157
A38: 482 | B38: Clarke | C38: Nick | D38: First Claim | E38: False | F38: Veteran | G38: 13 | H38: 46157
A39: 674 | B39: Clegg | C39: Jennifer | D39: Second Claim | E39: True | F39: Veteran | G39: 23 | H39: 46157
A40: 1061 | B40: Collis | C40: Daryl | D40: First Claim | E40: False | F40: Veteran | G40: 19 | H40: 46157
A41: 763 | B41: Condon | C41: Peter | D41: First Claim | E41: False | F41: Veteran | G41: 17 | H41: 46157
A42: 1227 | B42: Copson | C42: Yvonne | D42: First Claim | E42: True | F42: Veteran | G42: 8 | H42: 46157
A43: 715 | B43: Coulam | C43: Steven | D43: First Claim | E43: False | F43: Veteran | G43: 5 | H43: 46157
A44: 567 | B44: Cox | C44: Lawrence | D44: First Claim | E44: False | F44: Veteran | G44: 7 | H44: 46157
A45: 1391 | B45: Cuthbertson | C45: Leah | D45: First Claim | E45: True | F45: Senior | H45: 46157
A46: 704 | B46: Dainty | C46: Chris | D46: First Claim | E46: False | F46: Veteran | G46: 21 | H46: 46157
A47: 1283 | B47: Dare | C47: Martin | D47: First Claim | E47: False | F47: Veteran | G47: 18 | H47: 46157
A48: 295 | B48: Dawkins | C48: Stuart | D48: First Claim | E48: False | F48: Veteran | G48: 15 | H48: 46157
A49: 1226 | B49: Dhillon | C49: Navpreet | D49: First Claim | E49: True | F49: Senior | H49: 46157
A50: 1333 | B50: Dickens | C50: Graham | D50: First Claim | E50: False | F50: Veteran | G50: 3 | H50: 46157
A51: 1185 | B51: Dixey | C51: Isabelle | D51: First Claim | E51: True | F51: Juvenile | H51: 46157
A52: 1065 | B52: Dixey | C52: Simon | D52: First Claim | E52: False | F52: Veteran | G52: 1 | H52: 46157
A53: 1407 | B53: Dobson | C53: Colin | D53: First Claim | E53: False | F53: Senior | H53: 46157
A54: 1096 | B54: Durnin | C54: Nathan | D54: First Claim | E54: False | F54: Juvenile | H54: 46157
A55: 1236 | B55: Durnin | C55: Clare | D55: First Claim | E55: True | F55: Veteran | G55: 5 | H55: 46157
A56: 699 | B56: Durnin | C56: Jonathan | D56: First Claim | E56: False | F56: Veteran | G56: 5 | H56: 46157
A57: 1000 | B57: Easton | C57: Ashley | D57: First Claim | E57: False | F57: Senior | H57: 46157
A58: 1332 | B58: Eaton | C58: Jo | D58: First Claim | E58: True | F58: Senior | H58: 46157
A59: 682 | B59: Edmonds | C59: Lee | D59: First Claim | E59: False | F59: Veteran | G59: 11 | H59: 46157
A60: 1393 | B60: Ellis | C60: Sally | D60: First Claim | E60: True | F60: Veteran | G60: 10 | H60: 46157
A61: 1355 | B61: Elmer | C61: Aubrey | D61: First Claim | E61: False | F61: Juvenile | H61: 46157
A62: 1164 | B62: Evans | C62: Harriet | D62: Second Claim | E62: True | F62: Senior | H62: 46157
A63: 1062 | B63: Evans | C63: Mark | D63: First Claim | E63: False | F63: Veteran | G63: 9 | H63: 46157
A64: 938 | B64: Evans | C64: Jane | D64: First Claim | E64: True | F64: Veteran | G64: 7 | H64: 46157
A65: 1427 | B65: Evans | C65: Ruth | D65: First Claim | E65: True | F65: Veteran | G65: 16 | H65: 46157
A66: 1034 | B66: Fiddy | C66: Mark | D66: First Claim | E66: False | F66: Senior | H66: 46157
A67: 1402 | B67: Fisher | C67: Neil | D67: First Claim | E67: False | F67: Veteran | G67: 7 | H67: 46157
A68: 939 | B68: Foreman | C68: Sally | D68: First Claim | E68: True | F68: Veteran | G68: 12 | H68: 46157
A69: 1377 | B69: Fraser | C69: Lucy | D69: First Claim | E69: True | F69: Veteran | G69: 12 | H69: 46157
A70: 1281 | B70: Garner | C70: Gerald | D70: First Claim | E70: False | F70: Veteran | G70: 19 | H70: 46157
A71: 933 | B71: Grandidge | C71: Ed | D71: First Claim | E71: False | F71: Senior | H71: 46157
A72: 1274 | B72: Gowers | C72: Sophia | D72: First Claim | E72: True | F72: Senior | H72: 46157
A73: 493 | B73: Halls | C73: George | D73: Honorary | E73: False | F73: Veteran | G73: 37 | H73: 46157
A74: 1279 | B74: Hanner | C74: Jeffrey | D74: First Claim | E74: False | F74: Veteran | G74: 4 | H74: 46157
A75: 1193 | B75: Hardwicke | C75: Richard | D75: First Claim | E75: False | F75: Senior | H75: 46157
A76: 1194 | B76: Hardwicke | C76: Alex | D76: First Claim | E76: True | F76: Senior | H76: 46157
A77: 1196 | B77: Hardwicke | C77: Daniel | D77: First Claim | E77: False | F77: Juvenile | H77: 46157
A78: 1195 | B78: Hardwicke | C78: Charlie | D78: First Claim | E78: False | F78: Juvenile | H78: 46157
A79: 1176 | B79: Harrison | C79: Rory | D79: First Claim | E79: False | F79: Juvenile | H79: 46157
A80: 1174 | B80: Harrison | C80: Claire | D80: First Claim | E80: True | F80: Veteran | G80: 6 | H80: 46157
A81: 1175 | B81: Harrison | C81: Richard | D81: First Claim | E81: False | F81: Veteran | G81: 12 | H81: 46157
A82: 1109 | B82: Haycox | C82: Stuart | D82: First Claim | E82: False | F82: Senior | H82: 46157
A83: 1073 | B83: Heald | C83: Richard | D83: First Claim | E83: False | F83: Veteran | G83: 3 | H83: 46157
A84: 1400 | B84: Hernandez | C84: Elgar Aguilar | D84: First Claim | E84: False | F84: Senior | H84: 46157
A85: 1367 | B85: Henderson | C85: Daniel | D85: First Claim | E85: False | F85: Juvenile | H85: 46157
A86: 1366 | B86: Henderson | C86: Hannah | D86: First Claim | E86: True | F86: Senior | H86: 46157
A87: 1365 | B87: Henderson | C87: Helen | D87: First Claim | E87: True | F87: Veteran | G87: 7 | H87: 46157
A88: 897 | B88: Henderson | C88: Marc | D88: First Claim | E88: False | F88: Veteran | G88: 13 | H88: 46157
A89: 1308 | B89: Herring | C89: Alice | D89: First Claim | E89: True | F89: Veteran | G89: 2 | H89: 46157
A90: 1206 | B90: Hill | C90: Joy | D90: First Claim | E90: True | F90: Veteran | G90: 8 | H90: 46157
A91: 1205 | B91: Hill | C91: Dave | D91: First Claim | E91: False | F91: Veteran | G91: 14 | H91: 46157
A92: 1406 | B92: Hinxman | C92: Gavin | D92: First Claim | E92: False | F92: Veteran | G92: 9 | H92: 46157
A93: 1182 | B93: Holman | C93: Neil | D93: First Claim | E93: False | F93: Veteran | G93: 8 | H93: 46157
A94: 1340 | B94: Holmes | C94: Cristian | D94: First Claim | E94: False | F94: Veteran | G94: 8 | H94: 46157
A95: 21 | B95: Holton | C95: Wayne | D95: First Claim | E95: False | F95: Senior | H95: 46157
A96: 1049 | B96: Hopwood | C96: Duncan | D96: First Claim | E96: False | F96: Veteran | G96: 19 | H96: 46157
A97: 120 | B97: Hubbard | C97: Linda | D97: First Claim | E97: True | F97: Veteran | G97: 12 | H97: 46157
A98: 990 | B98: Hulme | C98: Jennifer | D98: First Claim | E98: True | F98: Veteran | G98: 10 | H98: 46157
A99: 1395 | B99: Human | C99: Freya | D99: First Claim | E99: True | F99: Juvenile | H99: 46157
A100: 1158 | B100: Humphries | C100: Eleanor | D100: First Claim | E100: True | F100: Senior | H100: 46157
...

Sheet 0517_competitors_2026
A1: ClubNumber | B1: Surname | C1: GivenName | D1: ClaimStatus | E1: isFemale | F1: AgeGroup | G1: VetsBucket | H1: ImportDate
A2: 1327 | B2: Abbott | C2: James | D2: First Claim | E2: False | F2: Senior | H2: 46159
A3: 1237 | B3: Abbott | C3: John | D3: First Claim | E3: False | F3: Veteran | G3: 1 | H3: 46159
A4: 819 | B4: Akoslovski | C4: Kath | D4: First Claim | E4: True | F4: Veteran | G4: 23 | H4: 46159
A5: 2 | B5: Alden | C5: Steve | D5: First Claim | E5: False | F5: Veteran | G5: 21 | H5: 46159
A6: 1370 | B6: Aldridge | C6: Ian | D6: First Claim | E6: False | F6: Veteran | G6: 4 | H6: 46159
A7: 1415 | B7: Aldridge | C7: James | D7: First Claim | E7: False | F7: Juvenile | H7: 46159
A8: 1286 | B8: Allen | C8: Ian | D8: First Claim | E8: False | F8: Veteran | G8: 13 | H8: 46159
A9: 1381 | B9: Allen | C9: Roland | D9: First Claim | E9: False | F9: Senior | H9: 46159
A10: 1112 | B10: Ashwell | C10: Gary | D10: First Claim | E10: False | F10: Veteran | G10: 16 | H10: 46159
A11: 1135 | B11: Askham | C11: Simon | D11: First Claim | E11: False | F11: Veteran | G11: 1 | H11: 46159
A12: 982 | B12: Bacon | C12: Steve | D12: First Claim | E12: False | F12: Veteran | G12: 22 | H12: 46159
A13: 1328 | B13: Bailey | C13: Shaun | D13: First Claim | E13: False | F13: Veteran | G13: 4 | H13: 46159
A14: 369 | B14: Barnett | C14: Dean | D14: First Claim | E14: False | F14: Veteran | G14: 8 | H14: 46159
A15: 7 | B15: Barnett | C15: Vic | D15: Honorary | E15: False | F15: Veteran | G15: 32 | H15: 46159
A16: 473 | B16: Barnett | C16: George | D16: Honorary | E16: False | F16: Veteran | G16: 33 | H16: 46159
A17: 1384 | B17: Barrett | C17: Paul | D17: First Claim | E17: False | F17: Veteran | G17: 30 | H17: 46159
A18: 1348 | B18: Baxter | C18: Lydia | D18: Second Claim | E18: True | F18: Senior | H18: 46159
A19: 1275 | B19: Baxter | C19: Sylvia | D19: First Claim | E19: True | F19: Juvenile | H19: 46159
A20: 68 | B20: Beach | C20: Ronald | D20: Honorary | E20: False | F20: Veteran | G20: 35 | H20: 46159
A21: 1035 | B21: Bell | C21: Peter | D21: First Claim | E21: False | F21: Veteran | G21: 6 | H21: 46159
A22: 1416 | B22: Bellamy | C22: Henry | D22: First Claim | E22: False | F22: Senior | H22: 46159
A23: 1326 | B23: Bennis | C23: Laoise | D23: First Claim | E23: True | F23: Senior | H23: 46159
A24: 477 | B24: Birch | C24: Carol | D24: First Claim | E24: True | F24: Veteran | G24: 34 | H24: 46159
A25: 10 | B25: Birch | C25: Dave | D25: Honorary | E25: False | F25: Veteran | G25: 35 | H25: 46159
A26: 1414 | B26: Boney | C26: Allen | D26: First Claim | E26: False | F26: Veteran | G26: 13 | H26: 46159
A27: 1029 | B27: Bowie | C27: Victor | D27: First Claim | E27: False | F27: Veteran | G27: 28 | H27: 46159
A28: 13 | B28: Bramford | C28: Paul | D28: First Claim | E28: False | F28: Veteran | G28: 28 | H28: 46159
A29: 1255 | B29: Bridgstock | C29: Anne | D29: First Claim | E29: True | F29: Veteran | G29: 13 | H29: 46159
A30: 1405 | B30: Brinkman | C30: Elise | D30: First Claim | E30: True | F30: Juvenile | H30: 46159
A31: 1421 | B31: Brown | C31: Gill | D31: First Claim | E31: True | F31: Veteran | G31: 12 | H31: 46159
A32: 1418 | B32: Brown | C32: James | D32: First Claim | E32: False | F32: Senior | H32: 46159
A33: 919 | B33: Brundell | C33: Paul | D33: First Claim | E33: False | F33: Veteran | G33: 16 | H33: 46159
A34: 1319 | B34: Burgess | C34: Steve | D34: First Claim | E34: False | F34: Veteran | G34: 9 | H34: 46159
A35: 1389 | B35: Campbell | C35: Billy | D35: First Claim | E35: False | F35: Senior | H35: 46159
A36: 940 | B36: Chapman | C36: Alison | D36: First Claim | E36: True | F36: Veteran | G36: 9 | H36: 46159
A37: 806 | B37: Chapman | C37: Mark | D37: First Claim | E37: False | F37: Veteran | G37: 11 | H37: 46159
A38: 482 | B38: Clarke | C38: Nick | D38: First Claim | E38: False | F38: Veteran | G38: 13 | H38: 46159
A39: 674 | B39: Clegg | C39: Jennifer | D39: Second Claim | E39: True | F39: Veteran | G39: 23 | H39: 46159
A40: 1061 | B40: Collis | C40: Daryl | D40: First Claim | E40: False | F40: Veteran | G40: 19 | H40: 46159
A41: 763 | B41: Condon | C41: Peter | D41: First Claim | E41: False | F41: Veteran | G41: 17 | H41: 46159
A42: 1227 | B42: Copson | C42: Yvonne | D42: First Claim | E42: True | F42: Veteran | G42: 8 | H42: 46159
A43: 715 | B43: Coulam | C43: Steven | D43: First Claim | E43: False | F43: Veteran | G43: 5 | H43: 46159
A44: 567 | B44: Cox | C44: Lawrence | D44: First Claim | E44: False | F44: Veteran | G44: 7 | H44: 46159
A45: 1391 | B45: Cuthbertson | C45: Leah | D45: First Claim | E45: True | F45: Senior | H45: 46159
A46: 704 | B46: Dainty | C46: Chris | D46: First Claim | E46: False | F46: Veteran | G46: 21 | H46: 46159
A47: 1283 | B47: Dare | C47: Martin | D47: First Claim | E47: False | F47: Veteran | G47: 18 | H47: 46159
A48: 295 | B48: Dawkins | C48: Stuart | D48: First Claim | E48: False | F48: Veteran | G48: 15 | H48: 46159
A49: 1226 | B49: Dhillon | C49: Navpreet | D49: First Claim | E49: True | F49: Senior | H49: 46159
A50: 1333 | B50: Dickens | C50: Graham | D50: First Claim | E50: False | F50: Veteran | G50: 3 | H50: 46159
A51: 1185 | B51: Dixey | C51: Isabelle | D51: First Claim | E51: True | F51: Juvenile | H51: 46159
A52: 1065 | B52: Dixey | C52: Simon | D52: First Claim | E52: False | F52: Veteran | G52: 1 | H52: 46159
A53: 1407 | B53: Dobson | C53: Colin | D53: First Claim | E53: False | F53: Senior | H53: 46159
A54: 1096 | B54: Durnin | C54: Nathan | D54: First Claim | E54: False | F54: Juvenile | H54: 46159
A55: 1236 | B55: Durnin | C55: Clare | D55: First Claim | E55: True | F55: Veteran | G55: 5 | H55: 46159
A56: 699 | B56: Durnin | C56: Jonathan | D56: First Claim | E56: False | F56: Veteran | G56: 5 | H56: 46159
A57: 1000 | B57: Easton | C57: Ashley | D57: First Claim | E57: False | F57: Senior | H57: 46159
A58: 1332 | B58: Eaton | C58: Jo | D58: First Claim | E58: True | F58: Senior | H58: 46159
A59: 682 | B59: Edmonds | C59: Lee | D59: First Claim | E59: False | F59: Veteran | G59: 11 | H59: 46159
A60: 1393 | B60: Ellis | C60: Sally | D60: First Claim | E60: True | F60: Veteran | G60: 10 | H60: 46159
A61: 1355 | B61: Elmer | C61: Aubrey | D61: First Claim | E61: False | F61: Juvenile | H61: 46159
A62: 1164 | B62: Evans | C62: Harriet | D62: Second Claim | E62: True | F62: Senior | H62: 46159
A63: 1062 | B63: Evans | C63: Mark | D63: First Claim | E63: False | F63: Veteran | G63: 9 | H63: 46159
A64: 938 | B64: Evans | C64: Jane | D64: First Claim | E64: True | F64: Veteran | G64: 7 | H64: 46159
A65: 1427 | B65: Evans | C65: Ruth | D65: First Claim | E65: True | F65: Veteran | G65: 16 | H65: 46159
A66: 1034 | B66: Fiddy | C66: Mark | D66: First Claim | E66: False | F66: Senior | H66: 46159
A67: 1402 | B67: Fisher | C67: Neil | D67: First Claim | E67: False | F67: Veteran | G67: 7 | H67: 46159
A68: 939 | B68: Foreman | C68: Sally | D68: First Claim | E68: True | F68: Veteran | G68: 12 | H68: 46159
A69: 1377 | B69: Fraser | C69: Lucy | D69: First Claim | E69: True | F69: Veteran | G69: 12 | H69: 46159
A70: 1281 | B70: Garner | C70: Gerald | D70: First Claim | E70: False | F70: Veteran | G70: 19 | H70: 46159
A71: 933 | B71: Grandidge | C71: Ed | D71: First Claim | E71: False | F71: Senior | H71: 46159
A72: 1274 | B72: Gowers | C72: Sophia | D72: First Claim | E72: True | F72: Senior | H72: 46159
A73: 493 | B73: Halls | C73: George | D73: Honorary | E73: False | F73: Veteran | G73: 37 | H73: 46159
A74: 1279 | B74: Hanner | C74: Jeffrey | D74: First Claim | E74: False | F74: Veteran | G74: 4 | H74: 46159
A75: 1193 | B75: Hardwicke | C75: Richard | D75: First Claim | E75: False | F75: Senior | H75: 46159
A76: 1194 | B76: Hardwicke | C76: Alex | D76: First Claim | E76: True | F76: Senior | H76: 46159
A77: 1196 | B77: Hardwicke | C77: Daniel | D77: First Claim | E77: False | F77: Juvenile | H77: 46159
A78: 1195 | B78: Hardwicke | C78: Charlie | D78: First Claim | E78: False | F78: Juvenile | H78: 46159
A79: 1176 | B79: Harrison | C79: Rory | D79: First Claim | E79: False | F79: Juvenile | H79: 46159
A80: 1174 | B80: Harrison | C80: Claire | D80: First Claim | E80: True | F80: Veteran | G80: 6 | H80: 46159
A81: 1175 | B81: Harrison | C81: Richard | D81: First Claim | E81: False | F81: Veteran | G81: 12 | H81: 46159
A82: 1109 | B82: Haycox | C82: Stuart | D82: First Claim | E82: False | F82: Senior | H82: 46159
A83: 1073 | B83: Heald | C83: Richard | D83: First Claim | E83: False | F83: Veteran | G83: 3 | H83: 46159
A84: 1400 | B84: Hernandez | C84: Elgar Aguilar | D84: First Claim | E84: False | F84: Senior | H84: 46159
A85: 1367 | B85: Henderson | C85: Daniel | D85: First Claim | E85: False | F85: Juvenile | H85: 46159
A86: 1366 | B86: Henderson | C86: Hannah | D86: First Claim | E86: True | F86: Senior | H86: 46159
A87: 1365 | B87: Henderson | C87: Helen | D87: First Claim | E87: True | F87: Veteran | G87: 7 | H87: 46159
A88: 897 | B88: Henderson | C88: Marc | D88: First Claim | E88: False | F88: Veteran | G88: 13 | H88: 46159
A89: 1308 | B89: Herring | C89: Alice | D89: First Claim | E89: True | F89: Veteran | G89: 2 | H89: 46159
A90: 1206 | B90: Hill | C90: Joy | D90: First Claim | E90: True | F90: Veteran | G90: 8 | H90: 46159
A91: 1205 | B91: Hill | C91: Dave | D91: First Claim | E91: False | F91: Veteran | G91: 14 | H91: 46159
A92: 1406 | B92: Hinxman | C92: Gavin | D92: First Claim | E92: False | F92: Veteran | G92: 9 | H92: 46159
A93: 1182 | B93: Holman | C93: Neil | D93: First Claim | E93: False | F93: Veteran | G93: 8 | H93: 46159
A94: 1340 | B94: Holmes | C94: Cristian | D94: First Claim | E94: False | F94: Veteran | G94: 8 | H94: 46159
A95: 21 | B95: Holton | C95: Wayne | D95: First Claim | E95: False | F95: Senior | H95: 46159
A96: 1049 | B96: Hopwood | C96: Duncan | D96: First Claim | E96: False | F96: Veteran | G96: 19 | H96: 46159
A97: 120 | B97: Hubbard | C97: Linda | D97: First Claim | E97: True | F97: Veteran | G97: 12 | H97: 46159
A98: 990 | B98: Hulme | C98: Jennifer | D98: First Claim | E98: True | F98: Veteran | G98: 10 | H98: 46159
A99: 1395 | B99: Human | C99: Freya | D99: First Claim | E99: True | F99: Juvenile | H99: 46159
A100: 1158 | B100: Humphries | C100: Eleanor | D100: First Claim | E100: True | F100: Senior | H100: 46159
...

Sheet 0601_competitors_2026
A1: ClubNumber | B1: Surname | C1: GivenName | D1: ClaimStatus | E1: isFemale | F1: AgeGroup | G1: VetsBucket | H1: ImportDate
A2: 1327 | B2: Abbott | C2: James | D2: First Claim | E2: False | F2: Senior | H2: 46174
A3: 1237 | B3: Abbott | C3: John | D3: First Claim | E3: False | F3: Veteran | G3: 1 | H3: 46174
A4: 819 | B4: Akoslovski | C4: Kath | D4: First Claim | E4: True | F4: Veteran | G4: 23 | H4: 46174
A5: 2 | B5: Alden | C5: Steve | D5: First Claim | E5: False | F5: Veteran | G5: 21 | H5: 46174
A6: 1370 | B6: Aldridge | C6: Ian | D6: First Claim | E6: False | F6: Veteran | G6: 4 | H6: 46174
A7: 1415 | B7: Aldridge | C7: James | D7: First Claim | E7: False | F7: Juvenile | H7: 46174
A8: 1286 | B8: Allen | C8: Ian | D8: First Claim | E8: False | F8: Veteran | G8: 13 | H8: 46174
A9: 1381 | B9: Allen | C9: Roland | D9: First Claim | E9: False | F9: Senior | H9: 46174
A10: 1112 | B10: Ashwell | C10: Gary | D10: First Claim | E10: False | F10: Veteran | G10: 16 | H10: 46174
A11: 1135 | B11: Askham | C11: Simon | D11: First Claim | E11: False | F11: Veteran | G11: 1 | H11: 46174
A12: 982 | B12: Bacon | C12: Steve | D12: First Claim | E12: False | F12: Veteran | G12: 22 | H12: 46174
A13: 1328 | B13: Bailey | C13: Shaun | D13: First Claim | E13: False | F13: Veteran | G13: 4 | H13: 46174
A14: 369 | B14: Barnett | C14: Dean | D14: First Claim | E14: False | F14: Veteran | G14: 8 | H14: 46174
A15: 7 | B15: Barnett | C15: Vic | D15: Honorary | E15: False | F15: Veteran | G15: 32 | H15: 46174
A16: 473 | B16: Barnett | C16: George | D16: Honorary | E16: False | F16: Veteran | G16: 33 | H16: 46174
A17: 1384 | B17: Barrett | C17: Paul | D17: First Claim | E17: False | F17: Veteran | G17: 30 | H17: 46174
A18: 1348 | B18: Baxter | C18: Lydia | D18: Second Claim | E18: True | F18: Senior | H18: 46174
A19: 1275 | B19: Baxter | C19: Sylvia | D19: First Claim | E19: True | F19: Juvenile | H19: 46174
A20: 68 | B20: Beach | C20: Ronald | D20: Honorary | E20: False | F20: Veteran | G20: 35 | H20: 46174
A21: 1035 | B21: Bell | C21: Peter | D21: First Claim | E21: False | F21: Veteran | G21: 6 | H21: 46174
A22: 1416 | B22: Bellamy | C22: Henry | D22: First Claim | E22: False | F22: Senior | H22: 46174
A23: 1326 | B23: Bennis | C23: Laoise | D23: First Claim | E23: True | F23: Senior | H23: 46174
A24: 477 | B24: Birch | C24: Carol | D24: First Claim | E24: True | F24: Veteran | G24: 34 | H24: 46174
A25: 10 | B25: Birch | C25: Dave | D25: Honorary | E25: False | F25: Veteran | G25: 35 | H25: 46174
A26: 1414 | B26: Boney | C26: Allen | D26: First Claim | E26: False | F26: Veteran | G26: 13 | H26: 46174
A27: 1029 | B27: Bowie | C27: Victor | D27: First Claim | E27: False | F27: Veteran | G27: 28 | H27: 46174
A28: 13 | B28: Bramford | C28: Paul | D28: First Claim | E28: False | F28: Veteran | G28: 28 | H28: 46174
A29: 1255 | B29: Bridgstock | C29: Anne | D29: First Claim | E29: True | F29: Veteran | G29: 13 | H29: 46174
A30: 1405 | B30: Brinkman | C30: Elise | D30: First Claim | E30: True | F30: Juvenile | H30: 46174
A31: 1421 | B31: Brown | C31: Gill | D31: First Claim | E31: True | F31: Veteran | G31: 12 | H31: 46174
A32: 1418 | B32: Brown | C32: James | D32: First Claim | E32: False | F32: Senior | H32: 46174
A33: 919 | B33: Brundell | C33: Paul | D33: First Claim | E33: False | F33: Veteran | G33: 16 | H33: 46174
A34: 1319 | B34: Burgess | C34: Steve | D34: First Claim | E34: False | F34: Veteran | G34: 9 | H34: 46174
A35: 1389 | B35: Campbell | C35: Billy | D35: First Claim | E35: False | F35: Senior | H35: 46174
A36: 940 | B36: Chapman | C36: Alison | D36: First Claim | E36: True | F36: Veteran | G36: 9 | H36: 46174
A37: 806 | B37: Chapman | C37: Mark | D37: First Claim | E37: False | F37: Veteran | G37: 11 | H37: 46174
A38: 482 | B38: Clarke | C38: Nick | D38: First Claim | E38: False | F38: Veteran | G38: 13 | H38: 46174
A39: 674 | B39: Clegg | C39: Jennifer | D39: Second Claim | E39: True | F39: Veteran | G39: 23 | H39: 46174
A40: 1061 | B40: Collis | C40: Daryl | D40: First Claim | E40: False | F40: Veteran | G40: 19 | H40: 46174
A41: 763 | B41: Condon | C41: Peter | D41: First Claim | E41: False | F41: Veteran | G41: 17 | H41: 46174
A42: 1227 | B42: Copson | C42: Yvonne | D42: First Claim | E42: True | F42: Veteran | G42: 8 | H42: 46174
A43: 715 | B43: Coulam | C43: Steven | D43: First Claim | E43: False | F43: Veteran | G43: 5 | H43: 46174
A44: 567 | B44: Cox | C44: Lawrence | D44: First Claim | E44: False | F44: Veteran | G44: 7 | H44: 46174
A45: 1391 | B45: Cuthbertson | C45: Leah | D45: First Claim | E45: True | F45: Senior | H45: 46174
A46: 704 | B46: Dainty | C46: Chris | D46: First Claim | E46: False | F46: Veteran | G46: 21 | H46: 46174
A47: 1283 | B47: Dare | C47: Martin | D47: First Claim | E47: False | F47: Veteran | G47: 18 | H47: 46174
A48: 295 | B48: Dawkins | C48: Stuart | D48: First Claim | E48: False | F48: Veteran | G48: 15 | H48: 46174
A49: 1226 | B49: Dhillon | C49: Navpreet | D49: First Claim | E49: True | F49: Senior | H49: 46174
A50: 1333 | B50: Dickens | C50: Graham | D50: First Claim | E50: False | F50: Veteran | G50: 3 | H50: 46174
A51: 1185 | B51: Dixey | C51: Isabelle | D51: First Claim | E51: True | F51: Juvenile | H51: 46174
A52: 1065 | B52: Dixey | C52: Simon | D52: First Claim | E52: False | F52: Veteran | G52: 1 | H52: 46174
A53: 1407 | B53: Dobson | C53: Colin | D53: First Claim | E53: False | F53: Senior | H53: 46174
A54: 1096 | B54: Durnin | C54: Nathan | D54: First Claim | E54: False | F54: Juvenile | H54: 46174
A55: 1236 | B55: Durnin | C55: Clare | D55: First Claim | E55: True | F55: Veteran | G55: 5 | H55: 46174
A56: 699 | B56: Durnin | C56: Jonathan | D56: First Claim | E56: False | F56: Veteran | G56: 5 | H56: 46174
A57: 1000 | B57: Easton | C57: Ashley | D57: First Claim | E57: False | F57: Senior | H57: 46174
A58: 1332 | B58: Eaton | C58: Jo | D58: First Claim | E58: True | F58: Senior | H58: 46174
A59: 682 | B59: Edmonds | C59: Lee | D59: First Claim | E59: False | F59: Veteran | G59: 11 | H59: 46174
A60: 1393 | B60: Ellis | C60: Sally | D60: First Claim | E60: True | F60: Veteran | G60: 10 | H60: 46174
A61: 1355 | B61: Elmer | C61: Aubrey | D61: First Claim | E61: False | F61: Juvenile | H61: 46174
A62: 1164 | B62: Evans | C62: Harriet | D62: Second Claim | E62: True | F62: Senior | H62: 46174
A63: 1062 | B63: Evans | C63: Mark | D63: First Claim | E63: False | F63: Veteran | G63: 9 | H63: 46174
A64: 938 | B64: Evans | C64: Jane | D64: First Claim | E64: True | F64: Veteran | G64: 7 | H64: 46174
A65: 1427 | B65: Evans | C65: Ruth | D65: First Claim | E65: True | F65: Veteran | G65: 16 | H65: 46174
A66: 1034 | B66: Fiddy | C66: Mark | D66: First Claim | E66: False | F66: Senior | H66: 46174
A67: 1402 | B67: Fisher | C67: Neil | D67: First Claim | E67: False | F67: Veteran | G67: 7 | H67: 46174
A68: 939 | B68: Foreman | C68: Sally | D68: First Claim | E68: True | F68: Veteran | G68: 12 | H68: 46174
A69: 1377 | B69: Fraser | C69: Lucy | D69: First Claim | E69: True | F69: Veteran | G69: 12 | H69: 46174
A70: 1281 | B70: Garner | C70: Gerald | D70: First Claim | E70: False | F70: Veteran | G70: 19 | H70: 46174
A71: 933 | B71: Grandidge | C71: Ed | D71: First Claim | E71: False | F71: Senior | H71: 46174
A72: 1274 | B72: Gowers | C72: Sophia | D72: First Claim | E72: True | F72: Senior | H72: 46174
A73: 493 | B73: Halls | C73: George | D73: Honorary | E73: False | F73: Veteran | G73: 37 | H73: 46174
A74: 1279 | B74: Hanner | C74: Jeffrey | D74: First Claim | E74: False | F74: Veteran | G74: 4 | H74: 46174
A75: 1193 | B75: Hardwicke | C75: Richard | D75: First Claim | E75: False | F75: Senior | H75: 46174
A76: 1194 | B76: Hardwicke | C76: Alex | D76: First Claim | E76: True | F76: Senior | H76: 46174
A77: 1196 | B77: Hardwicke | C77: Daniel | D77: First Claim | E77: False | F77: Juvenile | H77: 46174
A78: 1195 | B78: Hardwicke | C78: Charlie | D78: First Claim | E78: False | F78: Juvenile | H78: 46174
A79: 1176 | B79: Harrison | C79: Rory | D79: First Claim | E79: False | F79: Juvenile | H79: 46174
A80: 1174 | B80: Harrison | C80: Claire | D80: First Claim | E80: True | F80: Veteran | G80: 6 | H80: 46174
A81: 1175 | B81: Harrison | C81: Richard | D81: First Claim | E81: False | F81: Veteran | G81: 12 | H81: 46174
A82: 1109 | B82: Haycox | C82: Stuart | D82: First Claim | E82: False | F82: Senior | H82: 46174
A83: 1073 | B83: Heald | C83: Richard | D83: First Claim | E83: False | F83: Veteran | G83: 3 | H83: 46174
A84: 1400 | B84: Hernandez | C84: Elgar Aguilar | D84: First Claim | E84: False | F84: Senior | H84: 46174
A85: 1367 | B85: Henderson | C85: Daniel | D85: First Claim | E85: False | F85: Juvenile | H85: 46174
A86: 1366 | B86: Henderson | C86: Hannah | D86: First Claim | E86: True | F86: Senior | H86: 46174
A87: 1365 | B87: Henderson | C87: Helen | D87: First Claim | E87: True | F87: Veteran | G87: 7 | H87: 46174
A88: 897 | B88: Henderson | C88: Marc | D88: First Claim | E88: False | F88: Veteran | G88: 13 | H88: 46174
A89: 1308 | B89: Herring | C89: Alice | D89: First Claim | E89: True | F89: Veteran | G89: 2 | H89: 46174
A90: 1206 | B90: Hill | C90: Joy | D90: First Claim | E90: True | F90: Veteran | G90: 8 | H90: 46174
A91: 1205 | B91: Hill | C91: Dave | D91: First Claim | E91: False | F91: Veteran | G91: 14 | H91: 46174
A92: 1406 | B92: Hinxman | C92: Gavin | D92: First Claim | E92: False | F92: Veteran | G92: 9 | H92: 46174
A93: 1182 | B93: Holman | C93: Neil | D93: First Claim | E93: False | F93: Veteran | G93: 8 | H93: 46174
A94: 1340 | B94: Holmes | C94: Cristian | D94: First Claim | E94: False | F94: Veteran | G94: 8 | H94: 46174
A95: 21 | B95: Holton | C95: Wayne | D95: First Claim | E95: False | F95: Senior | H95: 46174
A96: 1049 | B96: Hopwood | C96: Duncan | D96: First Claim | E96: False | F96: Veteran | G96: 19 | H96: 46174
A97: 120 | B97: Hubbard | C97: Linda | D97: First Claim | E97: True | F97: Veteran | G97: 12 | H97: 46174
A98: 990 | B98: Hulme | C98: Jennifer | D98: First Claim | E98: True | F98: Veteran | G98: 10 | H98: 46174
A99: 1395 | B99: Human | C99: Freya | D99: First Claim | E99: True | F99: Juvenile | H99: 46174
A100: 1158 | B100: Humphries | C100: Eleanor | D100: First Claim | E100: True | F100: Senior | H100: 46174
...

Sheet 0608_competitors_2026
A1: ClubNumber | B1: Surname | C1: GivenName | D1: ClaimStatus | E1: isFemale | F1: AgeGroup | G1: VetsBucket | H1: ImportDate
A2: 1327 | B2: Abbott | C2: James | D2: First Claim | E2: False | F2: Senior | H2: 46181
A3: 1237 | B3: Abbott | C3: John | D3: First Claim | E3: False | F3: Veteran | G3: 1 | H3: 46181
A4: 819 | B4: Akoslovski | C4: Kath | D4: First Claim | E4: True | F4: Veteran | G4: 23 | H4: 46181
A5: 2 | B5: Alden | C5: Steve | D5: First Claim | E5: False | F5: Veteran | G5: 21 | H5: 46181
A6: 1370 | B6: Aldridge | C6: Ian | D6: First Claim | E6: False | F6: Veteran | G6: 4 | H6: 46181
A7: 1415 | B7: Aldridge | C7: James | D7: First Claim | E7: False | F7: Juvenile | H7: 46181
A8: 1286 | B8: Allen | C8: Ian | D8: First Claim | E8: False | F8: Veteran | G8: 13 | H8: 46181
A9: 1381 | B9: Allen | C9: Roland | D9: First Claim | E9: False | F9: Senior | H9: 46181
A10: 1112 | B10: Ashwell | C10: Gary | D10: First Claim | E10: False | F10: Veteran | G10: 16 | H10: 46181
A11: 1135 | B11: Askham | C11: Simon | D11: First Claim | E11: False | F11: Veteran | G11: 1 | H11: 46181
A12: 982 | B12: Bacon | C12: Steve | D12: First Claim | E12: False | F12: Veteran | G12: 22 | H12: 46181
A13: 1328 | B13: Bailey | C13: Shaun | D13: First Claim | E13: False | F13: Veteran | G13: 4 | H13: 46181
A14: 369 | B14: Barnett | C14: Dean | D14: First Claim | E14: False | F14: Veteran | G14: 8 | H14: 46181
A15: 7 | B15: Barnett | C15: Vic | D15: Honorary | E15: False | F15: Veteran | G15: 32 | H15: 46181
A16: 473 | B16: Barnett | C16: George | D16: Honorary | E16: False | F16: Veteran | G16: 33 | H16: 46181
A17: 1384 | B17: Barrett | C17: Paul | D17: First Claim | E17: False | F17: Veteran | G17: 30 | H17: 46181
A18: 1348 | B18: Baxter | C18: Lydia | D18: Second Claim | E18: True | F18: Senior | H18: 46181
A19: 1275 | B19: Baxter | C19: Sylvia | D19: First Claim | E19: True | F19: Juvenile | H19: 46181
A20: 68 | B20: Beach | C20: Ronald | D20: Honorary | E20: False | F20: Veteran | G20: 35 | H20: 46181
A21: 1035 | B21: Bell | C21: Peter | D21: First Claim | E21: False | F21: Veteran | G21: 6 | H21: 46181
A22: 1416 | B22: Bellamy | C22: Henry | D22: First Claim | E22: False | F22: Senior | H22: 46181
A23: 1326 | B23: Bennis | C23: Laoise | D23: First Claim | E23: True | F23: Senior | H23: 46181
A24: 477 | B24: Birch | C24: Carol | D24: First Claim | E24: True | F24: Veteran | G24: 34 | H24: 46181
A25: 10 | B25: Birch | C25: Dave | D25: Honorary | E25: False | F25: Veteran | G25: 35 | H25: 46181
A26: 1414 | B26: Boney | C26: Allen | D26: First Claim | E26: False | F26: Veteran | G26: 13 | H26: 46181
A27: 1029 | B27: Bowie | C27: Victor | D27: First Claim | E27: False | F27: Veteran | G27: 28 | H27: 46181
A28: 13 | B28: Bramford | C28: Paul | D28: First Claim | E28: False | F28: Veteran | G28: 28 | H28: 46181
A29: 1255 | B29: Bridgstock | C29: Anne | D29: First Claim | E29: True | F29: Veteran | G29: 13 | H29: 46181
A30: 1405 | B30: Brinkman | C30: Elise | D30: First Claim | E30: True | F30: Juvenile | H30: 46181
A31: 1421 | B31: Brown | C31: Gill | D31: First Claim | E31: True | F31: Veteran | G31: 12 | H31: 46181
A32: 1418 | B32: Brown | C32: James | D32: First Claim | E32: False | F32: Senior | H32: 46181
A33: 919 | B33: Brundell | C33: Paul | D33: First Claim | E33: False | F33: Veteran | G33: 16 | H33: 46181
A34: 1319 | B34: Burgess | C34: Steve | D34: First Claim | E34: False | F34: Veteran | G34: 9 | H34: 46181
A35: 1389 | B35: Campbell | C35: Billy | D35: First Claim | E35: False | F35: Senior | H35: 46181
A36: 940 | B36: Chapman | C36: Alison | D36: First Claim | E36: True | F36: Veteran | G36: 9 | H36: 46181
A37: 806 | B37: Chapman | C37: Mark | D37: First Claim | E37: False | F37: Veteran | G37: 11 | H37: 46181
A38: 482 | B38: Clarke | C38: Nick | D38: First Claim | E38: False | F38: Veteran | G38: 13 | H38: 46181
A39: 674 | B39: Clegg | C39: Jennifer | D39: Second Claim | E39: True | F39: Veteran | G39: 23 | H39: 46181
A40: 1061 | B40: Collis | C40: Daryl | D40: First Claim | E40: False | F40: Veteran | G40: 19 | H40: 46181
A41: 763 | B41: Condon | C41: Peter | D41: First Claim | E41: False | F41: Veteran | G41: 17 | H41: 46181
A42: 1227 | B42: Copson | C42: Yvonne | D42: First Claim | E42: True | F42: Veteran | G42: 8 | H42: 46181
A43: 715 | B43: Coulam | C43: Steven | D43: First Claim | E43: False | F43: Veteran | G43: 5 | H43: 46181
A44: 567 | B44: Cox | C44: Lawrence | D44: First Claim | E44: False | F44: Veteran | G44: 7 | H44: 46181
A45: 1391 | B45: Cuthbertson | C45: Leah | D45: First Claim | E45: True | F45: Senior | H45: 46181
A46: 704 | B46: Dainty | C46: Chris | D46: First Claim | E46: False | F46: Veteran | G46: 21 | H46: 46181
A47: 1283 | B47: Dare | C47: Martin | D47: First Claim | E47: False | F47: Veteran | G47: 18 | H47: 46181
A48: 295 | B48: Dawkins | C48: Stuart | D48: First Claim | E48: False | F48: Veteran | G48: 15 | H48: 46181
A49: 1226 | B49: Dhillon | C49: Navpreet | D49: First Claim | E49: True | F49: Senior | H49: 46181
A50: 1333 | B50: Dickens | C50: Graham | D50: First Claim | E50: False | F50: Veteran | G50: 3 | H50: 46181
A51: 1185 | B51: Dixey | C51: Isabelle | D51: First Claim | E51: True | F51: Juvenile | H51: 46181
A52: 1065 | B52: Dixey | C52: Simon | D52: First Claim | E52: False | F52: Veteran | G52: 1 | H52: 46181
A53: 1407 | B53: Dobson | C53: Colin | D53: First Claim | E53: False | F53: Senior | H53: 46181
A54: 1096 | B54: Durnin | C54: Nathan | D54: First Claim | E54: False | F54: Juvenile | H54: 46181
A55: 1236 | B55: Durnin | C55: Clare | D55: First Claim | E55: True | F55: Veteran | G55: 5 | H55: 46181
A56: 699 | B56: Durnin | C56: Jonathan | D56: First Claim | E56: False | F56: Veteran | G56: 5 | H56: 46181
A57: 1288 | B57: Dyson | C57: Tyler | D57: First Claim | E57: False | F57: Juvenile | H57: 46181
A58: 1429 | B58: Dyson | C58: Theo | D58: First Claim | E58: False | F58: Juvenile | H58: 46181
A59: 1000 | B59: Easton | C59: Ashley | D59: First Claim | E59: False | F59: Senior | H59: 46181
A60: 1332 | B60: Eaton | C60: Jo | D60: First Claim | E60: True | F60: Senior | H60: 46181
A61: 682 | B61: Edmonds | C61: Lee | D61: First Claim | E61: False | F61: Veteran | G61: 11 | H61: 46181
A62: 1393 | B62: Ellis | C62: Sally | D62: First Claim | E62: True | F62: Veteran | G62: 10 | H62: 46181
A63: 1355 | B63: Elmer | C63: Aubrey | D63: First Claim | E63: False | F63: Juvenile | H63: 46181
A64: 1164 | B64: Evans | C64: Harriet | D64: Second Claim | E64: True | F64: Senior | H64: 46181
A65: 1062 | B65: Evans | C65: Mark | D65: First Claim | E65: False | F65: Veteran | G65: 9 | H65: 46181
A66: 938 | B66: Evans | C66: Jane | D66: First Claim | E66: True | F66: Veteran | G66: 7 | H66: 46181
A67: 1427 | B67: Evans | C67: Ruth | D67: First Claim | E67: True | F67: Veteran | G67: 16 | H67: 46181
A68: 1034 | B68: Fiddy | C68: Mark | D68: First Claim | E68: False | F68: Senior | H68: 46181
A69: 1402 | B69: Fisher | C69: Neil | D69: First Claim | E69: False | F69: Veteran | G69: 7 | H69: 46181
A70: 939 | B70: Foreman | C70: Sally | D70: First Claim | E70: True | F70: Veteran | G70: 12 | H70: 46181
A71: 1377 | B71: Fraser | C71: Lucy | D71: First Claim | E71: True | F71: Veteran | G71: 12 | H71: 46181
A72: 1281 | B72: Garner | C72: Gerald | D72: First Claim | E72: False | F72: Veteran | G72: 19 | H72: 46181
A73: 933 | B73: Grandidge | C73: Ed | D73: First Claim | E73: False | F73: Senior | H73: 46181
A74: 1274 | B74: Gowers | C74: Sophia | D74: First Claim | E74: True | F74: Senior | H74: 46181
A75: 493 | B75: Halls | C75: George | D75: Honorary | E75: False | F75: Veteran | G75: 37 | H75: 46181
A76: 1279 | B76: Hanner | C76: Jeffrey | D76: First Claim | E76: False | F76: Veteran | G76: 4 | H76: 46181
A77: 1193 | B77: Hardwicke | C77: Richard | D77: First Claim | E77: False | F77: Senior | H77: 46181
A78: 1194 | B78: Hardwicke | C78: Alex | D78: First Claim | E78: True | F78: Senior | H78: 46181
A79: 1196 | B79: Hardwicke | C79: Daniel | D79: First Claim | E79: False | F79: Juvenile | H79: 46181
A80: 1195 | B80: Hardwicke | C80: Charlie | D80: First Claim | E80: False | F80: Juvenile | H80: 46181
A81: 1176 | B81: Harrison | C81: Rory | D81: First Claim | E81: False | F81: Juvenile | H81: 46181
A82: 1174 | B82: Harrison | C82: Claire | D82: First Claim | E82: True | F82: Veteran | G82: 6 | H82: 46181
A83: 1175 | B83: Harrison | C83: Richard | D83: First Claim | E83: False | F83: Veteran | G83: 12 | H83: 46181
A84: 1109 | B84: Haycox | C84: Stuart | D84: First Claim | E84: False | F84: Senior | H84: 46181
A85: 1073 | B85: Heald | C85: Richard | D85: First Claim | E85: False | F85: Veteran | G85: 3 | H85: 46181
A86: 1400 | B86: Hernandez | C86: Elgar Aguilar | D86: First Claim | E86: False | F86: Senior | H86: 46181
A87: 1367 | B87: Henderson | C87: Daniel | D87: First Claim | E87: False | F87: Juvenile | H87: 46181
A88: 1366 | B88: Henderson | C88: Hannah | D88: First Claim | E88: True | F88: Senior | H88: 46181
A89: 1365 | B89: Henderson | C89: Helen | D89: First Claim | E89: True | F89: Veteran | G89: 7 | H89: 46181
A90: 897 | B90: Henderson | C90: Marc | D90: First Claim | E90: False | F90: Veteran | G90: 13 | H90: 46181
A91: 1308 | B91: Herring | C91: Alice | D91: First Claim | E91: True | F91: Veteran | G91: 2 | H91: 46181
A92: 1206 | B92: Hill | C92: Joy | D92: First Claim | E92: True | F92: Veteran | G92: 8 | H92: 46181
A93: 1205 | B93: Hill | C93: Dave | D93: First Claim | E93: False | F93: Veteran | G93: 14 | H93: 46181
A94: 1406 | B94: Hinxman | C94: Gavin | D94: First Claim | E94: False | F94: Veteran | G94: 9 | H94: 46181
A95: 1182 | B95: Holman | C95: Neil | D95: First Claim | E95: False | F95: Veteran | G95: 8 | H95: 46181
A96: 1340 | B96: Holmes | C96: Cristian | D96: First Claim | E96: False | F96: Veteran | G96: 8 | H96: 46181
A97: 21 | B97: Holton | C97: Wayne | D97: First Claim | E97: False | F97: Senior | H97: 46181
A98: 1049 | B98: Hopwood | C98: Duncan | D98: First Claim | E98: False | F98: Veteran | G98: 19 | H98: 46181
A99: 120 | B99: Hubbard | C99: Linda | D99: First Claim | E99: True | F99: Veteran | G99: 12 | H99: 46181
A100: 990 | B100: Hulme | C100: Jennifer | D100: First Claim | E100: True | F100: Veteran | G100: 10 | H100: 46181
...

Sheet 0623_competitors_2026
A1: ClubNumber | B1: Surname | C1: GivenName | D1: ClaimStatus | E1: isFemale | F1: AgeGroup | G1: VetsBucket | H1: ImportDate
A2: 1327 | B2: Abbott | C2: James | D2: First Claim | E2: FALSE | F2: Senior | H2: 46196
A3: 1237 | B3: Abbott | C3: John | D3: First Claim | E3: FALSE | F3: Veteran | G3: 1 | H3: 46196
A4: 819 | B4: Akoslovski | C4: Kath | D4: First Claim | E4: TRUE | F4: Veteran | G4: 23 | H4: 46196
A5: 2 | B5: Alden | C5: Steve | D5: First Claim | E5: FALSE | F5: Veteran | G5: 21 | H5: 46196
A6: 1370 | B6: Aldridge | C6: Ian | D6: First Claim | E6: FALSE | F6: Veteran | G6: 4 | H6: 46196
A7: 1415 | B7: Aldridge | C7: James | D7: First Claim | E7: FALSE | F7: Juvenile | H7: 46196
A8: 1286 | B8: Allen | C8: Ian | D8: First Claim | E8: FALSE | F8: Veteran | G8: 13 | H8: 46196
A9: 1381 | B9: Allen | C9: Roland | D9: First Claim | E9: FALSE | F9: Senior | H9: 46196
A10: 1112 | B10: Ashwell | C10: Gary | D10: First Claim | E10: FALSE | F10: Veteran | G10: 16 | H10: 46196
A11: 1135 | B11: Askham | C11: Simon | D11: First Claim | E11: FALSE | F11: Veteran | G11: 1 | H11: 46196
A12: 1430 | B12: Bacon | C12: Gary | D12: First Claim | E12: FALSE | F12: Veteran | G12: 4 | H12: 46196
A13: 982 | B13: Bacon | C13: Steve | D13: First Claim | E13: FALSE | F13: Veteran | G13: 22 | H13: 46196
A14: 1328 | B14: Bailey | C14: Shaun | D14: First Claim | E14: FALSE | F14: Veteran | G14: 4 | H14: 46196
A15: 369 | B15: Barnett | C15: Dean | D15: First Claim | E15: FALSE | F15: Veteran | G15: 8 | H15: 46196
A16: 7 | B16: Barnett | C16: Vic | D16: Honorary | E16: FALSE | F16: Veteran | G16: 32 | H16: 46196
A17: 473 | B17: Barnett | C17: George | D17: Honorary | E17: FALSE | F17: Veteran | G17: 33 | H17: 46196
A18: 1384 | B18: Barrett | C18: Paul | D18: First Claim | E18: FALSE | F18: Veteran | G18: 30 | H18: 46196
A19: 1348 | B19: Baxter | C19: Lydia | D19: Second Claim | E19: TRUE | F19: Senior | H19: 46196
A20: 1275 | B20: Baxter | C20: Sylvia | D20: First Claim | E20: TRUE | F20: Juvenile | H20: 46196
A21: 68 | B21: Beach | C21: Ronald | D21: Honorary | E21: FALSE | F21: Veteran | G21: 35 | H21: 46196
A22: 1035 | B22: Bell | C22: Peter | D22: First Claim | E22: FALSE | F22: Veteran | G22: 6 | H22: 46196
A23: 1416 | B23: Bellamy | C23: Henry | D23: First Claim | E23: FALSE | F23: Senior | H23: 46196
A24: 1326 | B24: Bennis | C24: Laoise | D24: First Claim | E24: TRUE | F24: Senior | H24: 46196
A25: 1431 | B25: Bewick | C25: Angela | D25: First Claim | E25: TRUE | F25: Veteran | G25: 11 | H25: 46196
A26: 477 | B26: Birch | C26: Carol | D26: First Claim | E26: TRUE | F26: Veteran | G26: 34 | H26: 46196
A27: 10 | B27: Birch | C27: Dave | D27: Honorary | E27: FALSE | F27: Veteran | G27: 35 | H27: 46196
A28: 1414 | B28: Boney | C28: Allen | D28: First Claim | E28: FALSE | F28: Veteran | G28: 13 | H28: 46196
A29: 1029 | B29: Bowie | C29: Victor | D29: First Claim | E29: FALSE | F29: Veteran | G29: 28 | H29: 46196
A30: 13 | B30: Bramford | C30: Paul | D30: First Claim | E30: FALSE | F30: Veteran | G30: 28 | H30: 46196
A31: 1255 | B31: Bridgstock | C31: Anne | D31: First Claim | E31: TRUE | F31: Veteran | G31: 13 | H31: 46196
A32: 1405 | B32: Brinkman | C32: Elise | D32: First Claim | E32: TRUE | F32: Juvenile | H32: 46196
A33: 1421 | B33: Brown | C33: Gill | D33: First Claim | E33: TRUE | F33: Veteran | G33: 12 | H33: 46196
A34: 1418 | B34: Brown | C34: James | D34: First Claim | E34: FALSE | F34: Senior | H34: 46196
A35: 919 | B35: Brundell | C35: Paul | D35: First Claim | E35: FALSE | F35: Veteran | G35: 16 | H35: 46196
A36: 1319 | B36: Burgess | C36: Steve | D36: First Claim | E36: FALSE | F36: Veteran | G36: 9 | H36: 46196
A37: 1389 | B37: Campbell | C37: Billy | D37: First Claim | E37: FALSE | F37: Senior | H37: 46196
A38: 940 | B38: Chapman | C38: Alison | D38: First Claim | E38: TRUE | F38: Veteran | G38: 9 | H38: 46196
A39: 806 | B39: Chapman | C39: Mark | D39: First Claim | E39: FALSE | F39: Veteran | G39: 11 | H39: 46196
A40: 482 | B40: Clarke | C40: Nick | D40: First Claim | E40: FALSE | F40: Veteran | G40: 13 | H40: 46196
A41: 674 | B41: Clegg | C41: Jennifer | D41: Second Claim | E41: TRUE | F41: Veteran | G41: 23 | H41: 46196
A42: 1061 | B42: Collis | C42: Daryl | D42: First Claim | E42: FALSE | F42: Veteran | G42: 19 | H42: 46196
A43: 763 | B43: Condon | C43: Peter | D43: First Claim | E43: FALSE | F43: Veteran | G43: 17 | H43: 46196
A44: 1227 | B44: Copson | C44: Yvonne | D44: First Claim | E44: TRUE | F44: Veteran | G44: 8 | H44: 46196
A45: 715 | B45: Coulam | C45: Steven | D45: First Claim | E45: FALSE | F45: Veteran | G45: 5 | H45: 46196
A46: 567 | B46: Cox | C46: Lawrence | D46: First Claim | E46: FALSE | F46: Veteran | G46: 7 | H46: 46196
A47: 1391 | B47: Cuthbertson | C47: Leah | D47: First Claim | E47: TRUE | F47: Senior | H47: 46196
A48: 704 | B48: Dainty | C48: Chris | D48: First Claim | E48: FALSE | F48: Veteran | G48: 21 | H48: 46196
A49: 1283 | B49: Dare | C49: Martin | D49: First Claim | E49: FALSE | F49: Veteran | G49: 18 | H49: 46196
A50: 295 | B50: Dawkins | C50: Stuart | D50: First Claim | E50: FALSE | F50: Veteran | G50: 15 | H50: 46196
A51: 1226 | B51: Dhillon | C51: Navpreet | D51: First Claim | E51: TRUE | F51: Senior | H51: 46196
A52: 1333 | B52: Dickens | C52: Graham | D52: First Claim | E52: FALSE | F52: Veteran | G52: 3 | H52: 46196
A53: 1185 | B53: Dixey | C53: Isabelle | D53: First Claim | E53: TRUE | F53: Juvenile | H53: 46196
A54: 1065 | B54: Dixey | C54: Simon | D54: First Claim | E54: FALSE | F54: Veteran | G54: 1 | H54: 46196
A55: 1407 | B55: Dobson | C55: Colin | D55: First Claim | E55: FALSE | F55: Senior | H55: 46196
A56: 1096 | B56: Durnin | C56: Nathan | D56: First Claim | E56: FALSE | F56: Juvenile | H56: 46196
A57: 1236 | B57: Durnin | C57: Clare | D57: First Claim | E57: TRUE | F57: Veteran | G57: 5 | H57: 46196
A58: 699 | B58: Durnin | C58: Jonathan | D58: First Claim | E58: FALSE | F58: Veteran | G58: 5 | H58: 46196
A59: 1288 | B59: Dyson | C59: Tyler | D59: First Claim | E59: FALSE | F59: Juvenile | H59: 46196
A60: 1429 | B60: Dyson | C60: Theo | D60: First Claim | E60: FALSE | F60: Juvenile | H60: 46196
A61: 1000 | B61: Easton | C61: Ashley | D61: First Claim | E61: FALSE | F61: Senior | H61: 46196
A62: 1332 | B62: Eaton | C62: Jo | D62: First Claim | E62: TRUE | F62: Senior | H62: 46196
A63: 682 | B63: Edmonds | C63: Lee | D63: First Claim | E63: FALSE | F63: Veteran | G63: 11 | H63: 46196
A64: 1393 | B64: Ellis | C64: Sally | D64: First Claim | E64: TRUE | F64: Veteran | G64: 10 | H64: 46196
A65: 1355 | B65: Elmer | C65: Aubrey | D65: First Claim | E65: FALSE | F65: Juvenile | H65: 46196
A66: 1164 | B66: Evans | C66: Harriet | D66: Second Claim | E66: TRUE | F66: Senior | H66: 46196
A67: 1062 | B67: Evans | C67: Mark | D67: First Claim | E67: FALSE | F67: Veteran | G67: 9 | H67: 46196
A68: 938 | B68: Evans | C68: Jane | D68: First Claim | E68: TRUE | F68: Veteran | G68: 7 | H68: 46196
A69: 1427 | B69: Evans | C69: Ruth | D69: First Claim | E69: TRUE | F69: Veteran | G69: 16 | H69: 46196
A70: 1034 | B70: Fiddy | C70: Mark | D70: First Claim | E70: FALSE | F70: Senior | H70: 46196
A71: 1402 | B71: Fisher | C71: Neil | D71: First Claim | E71: FALSE | F71: Veteran | G71: 7 | H71: 46196
A72: 939 | B72: Foreman | C72: Sally | D72: First Claim | E72: TRUE | F72: Veteran | G72: 12 | H72: 46196
A73: 1377 | B73: Fraser | C73: Lucy | D73: First Claim | E73: TRUE | F73: Veteran | G73: 12 | H73: 46196
A74: 1281 | B74: Garner | C74: Gerald | D74: First Claim | E74: FALSE | F74: Veteran | G74: 19 | H74: 46196
A75: 933 | B75: Grandidge | C75: Ed | D75: First Claim | E75: FALSE | F75: Senior | H75: 46196
A76: 1274 | B76: Gowers | C76: Sophia | D76: First Claim | E76: TRUE | F76: Senior | H76: 46196
A77: 493 | B77: Halls | C77: George | D77: Honorary | E77: FALSE | F77: Veteran | G77: 37 | H77: 46196
A78: 1279 | B78: Hanner | C78: Jeffrey | D78: First Claim | E78: FALSE | F78: Veteran | G78: 4 | H78: 46196
A79: 1193 | B79: Hardwicke | C79: Richard | D79: First Claim | E79: FALSE | F79: Senior | H79: 46196
A80: 1194 | B80: Hardwicke | C80: Alex | D80: First Claim | E80: TRUE | F80: Senior | H80: 46196
A81: 1196 | B81: Hardwicke | C81: Daniel | D81: First Claim | E81: FALSE | F81: Juvenile | H81: 46196
A82: 1195 | B82: Hardwicke | C82: Charlie | D82: First Claim | E82: FALSE | F82: Juvenile | H82: 46196
A83: 1176 | B83: Harrison | C83: Rory | D83: First Claim | E83: FALSE | F83: Juvenile | H83: 46196
A84: 1174 | B84: Harrison | C84: Claire | D84: First Claim | E84: TRUE | F84: Veteran | G84: 6 | H84: 46196
A85: 1175 | B85: Harrison | C85: Richard | D85: First Claim | E85: FALSE | F85: Veteran | G85: 12 | H85: 46196
A86: 1109 | B86: Haycox | C86: Stuart | D86: First Claim | E86: FALSE | F86: Senior | H86: 46196
A87: 1073 | B87: Heald | C87: Richard | D87: First Claim | E87: FALSE | F87: Veteran | G87: 3 | H87: 46196
A88: 1400 | B88: Hernandez | C88: Elgar Aguilar | D88: First Claim | E88: FALSE | F88: Senior | H88: 46196
A89: 1367 | B89: Henderson | C89: Daniel | D89: First Claim | E89: FALSE | F89: Juvenile | H89: 46196
A90: 1366 | B90: Henderson | C90: Hannah | D90: First Claim | E90: TRUE | F90: Senior | H90: 46196
A91: 1365 | B91: Henderson | C91: Helen | D91: First Claim | E91: TRUE | F91: Veteran | G91: 7 | H91: 46196
A92: 897 | B92: Henderson | C92: Marc | D92: First Claim | E92: FALSE | F92: Veteran | G92: 13 | H92: 46196
A93: 1308 | B93: Herring | C93: Alice | D93: First Claim | E93: TRUE | F93: Veteran | G93: 2 | H93: 46196
A94: 1206 | B94: Hill | C94: Joy | D94: First Claim | E94: TRUE | F94: Veteran | G94: 8 | H94: 46196
A95: 1205 | B95: Hill | C95: Dave | D95: First Claim | E95: FALSE | F95: Veteran | G95: 14 | H95: 46196
A96: 1406 | B96: Hinxman | C96: Gavin | D96: First Claim | E96: FALSE | F96: Veteran | G96: 9 | H96: 46196
A97: 1182 | B97: Holman | C97: Neil | D97: First Claim | E97: FALSE | F97: Veteran | G97: 8 | H97: 46196
A98: 1340 | B98: Holmes | C98: Cristian | D98: First Claim | E98: FALSE | F98: Veteran | G98: 8 | H98: 46196
A99: 21 | B99: Holton | C99: Wayne | D99: First Claim | E99: FALSE | F99: Senior | H99: 46196
A100: 1049 | B100: Hopwood | C100: Duncan | D100: First Claim | E100: FALSE | F100: Veteran | G100: 19 | H100: 46196
...

Sheet 0713_competitors_2026
A1: ClubNumber | B1: Surname | C1: GivenName | D1: ClaimStatus | E1: isFemale | F1: AgeGroup | G1: VetsBucket | H1: ImportDate
A2: 1327 | B2: Abbott | C2: James | D2: First Claim | E2: FALSE | F2: Senior | H2: 46216
A3: 1237 | B3: Abbott | C3: John | D3: First Claim | E3: FALSE | F3: Veteran | G3: 1 | H3: 46216
A4: 819 | B4: Akoslovski | C4: Kath | D4: First Claim | E4: TRUE | F4: Veteran | G4: 23 | H4: 46216
A5: 2 | B5: Alden | C5: Steve | D5: First Claim | E5: FALSE | F5: Veteran | G5: 21 | H5: 46216
A6: 1370 | B6: Aldridge | C6: Ian | D6: First Claim | E6: FALSE | F6: Veteran | G6: 4 | H6: 46216
A7: 1415 | B7: Aldridge | C7: James | D7: First Claim | E7: FALSE | F7: Juvenile | H7: 46216
A8: 1286 | B8: Allen | C8: Ian | D8: First Claim | E8: FALSE | F8: Veteran | G8: 13 | H8: 46216
A9: 1381 | B9: Allen | C9: Roland | D9: First Claim | E9: FALSE | F9: Senior | H9: 46216
A10: 1112 | B10: Ashwell | C10: Gary | D10: First Claim | E10: FALSE | F10: Veteran | G10: 16 | H10: 46216
A11: 1135 | B11: Askham | C11: Simon | D11: First Claim | E11: FALSE | F11: Veteran | G11: 1 | H11: 46216
A12: 1430 | B12: Bacon | C12: Gary | D12: First Claim | E12: FALSE | F12: Veteran | G12: 4 | H12: 46216
A13: 982 | B13: Bacon | C13: Steve | D13: First Claim | E13: FALSE | F13: Veteran | G13: 22 | H13: 46216
A14: 1328 | B14: Bailey | C14: Shaun | D14: First Claim | E14: FALSE | F14: Veteran | G14: 4 | H14: 46216
A15: 369 | B15: Barnett | C15: Dean | D15: First Claim | E15: FALSE | F15: Veteran | G15: 8 | H15: 46216
A16: 7 | B16: Barnett | C16: Vic | D16: Honorary | E16: FALSE | F16: Veteran | G16: 32 | H16: 46216
A17: 473 | B17: Barnett | C17: George | D17: Honorary | E17: FALSE | F17: Veteran | G17: 33 | H17: 46216
A18: 1384 | B18: Barrett | C18: Paul | D18: First Claim | E18: FALSE | F18: Veteran | G18: 30 | H18: 46216
A19: 1348 | B19: Baxter | C19: Lydia | D19: Second Claim | E19: TRUE | F19: Senior | H19: 46216
A20: 1275 | B20: Baxter | C20: Sylvia | D20: First Claim | E20: TRUE | F20: Juvenile | H20: 46216
A21: 68 | B21: Beach | C21: Ronald | D21: Honorary | E21: FALSE | F21: Veteran | G21: 35 | H21: 46216
A22: 1035 | B22: Bell | C22: Peter | D22: First Claim | E22: FALSE | F22: Veteran | G22: 6 | H22: 46216
A23: 1416 | B23: Bellamy | C23: Henry | D23: First Claim | E23: FALSE | F23: Senior | H23: 46216
A24: 1326 | B24: Bennis | C24: Laoise | D24: First Claim | E24: TRUE | F24: Senior | H24: 46216
A25: 1431 | B25: Bewick | C25: Angela | D25: First Claim | E25: TRUE | F25: Veteran | G25: 11 | H25: 46216
A26: 477 | B26: Birch | C26: Carol | D26: First Claim | E26: TRUE | F26: Veteran | G26: 34 | H26: 46216
A27: 10 | B27: Birch | C27: Dave | D27: Honorary | E27: FALSE | F27: Veteran | G27: 35 | H27: 46216
A28: 1414 | B28: Boney | C28: Allen | D28: First Claim | E28: FALSE | F28: Veteran | G28: 13 | H28: 46216
A29: 1029 | B29: Bowie | C29: Victor | D29: First Claim | E29: FALSE | F29: Veteran | G29: 28 | H29: 46216
A30: 13 | B30: Bramford | C30: Paul | D30: First Claim | E30: FALSE | F30: Veteran | G30: 28 | H30: 46216
A31: 1255 | B31: Bridgstock | C31: Anne | D31: First Claim | E31: TRUE | F31: Veteran | G31: 13 | H31: 46216
A32: 1405 | B32: Brinkman | C32: Elise | D32: First Claim | E32: TRUE | F32: Juvenile | H32: 46216
A33: 1421 | B33: Brown | C33: Gill | D33: First Claim | E33: TRUE | F33: Veteran | G33: 12 | H33: 46216
A34: 1418 | B34: Brown | C34: James | D34: First Claim | E34: FALSE | F34: Senior | H34: 46216
A35: 919 | B35: Brundell | C35: Paul | D35: First Claim | E35: FALSE | F35: Veteran | G35: 16 | H35: 46216
A36: 1319 | B36: Burgess | C36: Steve | D36: First Claim | E36: FALSE | F36: Veteran | G36: 9 | H36: 46216
A37: 1190 | B37: Burke | C37: Jacob | D37: First Claim | E37: FALSE | F37: Juvenile | H37: 46216
A38: 1189 | B38: Burke | C38: Max | D38: First Claim | E38: FALSE | F38: Juvenile | H38: 46216
A39: 735 | B39: Burke | C39: Michael | D39: Second Claim | E39: FALSE | F39: Senior | H39: 46216
A40: 1389 | B40: Campbell | C40: Billy | D40: First Claim | E40: FALSE | F40: Senior | H40: 46216
A41: 940 | B41: Chapman | C41: Alison | D41: First Claim | E41: TRUE | F41: Veteran | G41: 9 | H41: 46216
A42: 806 | B42: Chapman | C42: Mark | D42: First Claim | E42: FALSE | F42: Veteran | G42: 11 | H42: 46216
A43: 482 | B43: Clarke | C43: Nick | D43: First Claim | E43: FALSE | F43: Veteran | G43: 13 | H43: 46216
A44: 674 | B44: Clegg | C44: Jennifer | D44: Second Claim | E44: TRUE | F44: Veteran | G44: 23 | H44: 46216
A45: 1061 | B45: Collis | C45: Daryl | D45: First Claim | E45: FALSE | F45: Veteran | G45: 19 | H45: 46216
A46: 763 | B46: Condon | C46: Peter | D46: First Claim | E46: FALSE | F46: Veteran | G46: 17 | H46: 46216
A47: 1227 | B47: Copson | C47: Yvonne | D47: First Claim | E47: TRUE | F47: Veteran | G47: 8 | H47: 46216
A48: 715 | B48: Coulam | C48: Steven | D48: First Claim | E48: FALSE | F48: Veteran | G48: 5 | H48: 46216
A49: 567 | B49: Cox | C49: Lawrence | D49: First Claim | E49: FALSE | F49: Veteran | G49: 7 | H49: 46216
A50: 1391 | B50: Cuthbertson | C50: Leah | D50: Second Claim | E50: TRUE | F50: Senior | H50: 46216
A51: 704 | B51: Dainty | C51: Chris | D51: First Claim | E51: FALSE | F51: Veteran | G51: 21 | H51: 46216
A52: 1283 | B52: Dare | C52: Martin | D52: First Claim | E52: FALSE | F52: Veteran | G52: 18 | H52: 46216
A53: 295 | B53: Dawkins | C53: Stuart | D53: First Claim | E53: FALSE | F53: Veteran | G53: 15 | H53: 46216
A54: 1226 | B54: Dhillon | C54: Navpreet | D54: First Claim | E54: TRUE | F54: Senior | H54: 46216
A55: 1333 | B55: Dickens | C55: Graham | D55: First Claim | E55: FALSE | F55: Veteran | G55: 3 | H55: 46216
A56: 1185 | B56: Dixey | C56: Isabelle | D56: First Claim | E56: TRUE | F56: Juvenile | H56: 46216
A57: 1065 | B57: Dixey | C57: Simon | D57: First Claim | E57: FALSE | F57: Veteran | G57: 1 | H57: 46216
A58: 1407 | B58: Dobson | C58: Colin | D58: First Claim | E58: FALSE | F58: Senior | H58: 46216
A59: 1096 | B59: Durnin | C59: Nathan | D59: First Claim | E59: FALSE | F59: Juvenile | H59: 46216
A60: 1236 | B60: Durnin | C60: Clare | D60: First Claim | E60: TRUE | F60: Veteran | G60: 5 | H60: 46216
A61: 699 | B61: Durnin | C61: Jonathan | D61: First Claim | E61: FALSE | F61: Veteran | G61: 5 | H61: 46216
A62: 1288 | B62: Dyson | C62: Tyler | D62: First Claim | E62: FALSE | F62: Juvenile | H62: 46216
A63: 1429 | B63: Dyson | C63: Theo | D63: First Claim | E63: FALSE | F63: Juvenile | H63: 46216
A64: 1000 | B64: Easton | C64: Ashley | D64: First Claim | E64: FALSE | F64: Senior | H64: 46216
A65: 1332 | B65: Eaton | C65: Jo | D65: First Claim | E65: TRUE | F65: Senior | H65: 46216
A66: 682 | B66: Edmonds | C66: Lee | D66: First Claim | E66: FALSE | F66: Veteran | G66: 11 | H66: 46216
A67: 1393 | B67: Ellis | C67: Sally | D67: First Claim | E67: TRUE | F67: Veteran | G67: 10 | H67: 46216
A68: 1355 | B68: Elmer | C68: Aubrey | D68: First Claim | E68: FALSE | F68: Juvenile | H68: 46216
A69: 1164 | B69: Evans | C69: Harriet | D69: Second Claim | E69: TRUE | F69: Senior | H69: 46216
A70: 1062 | B70: Evans | C70: Mark | D70: First Claim | E70: FALSE | F70: Veteran | G70: 9 | H70: 46216
A71: 938 | B71: Evans | C71: Jane | D71: First Claim | E71: TRUE | F71: Veteran | G71: 7 | H71: 46216
A72: 1427 | B72: Evans | C72: Ruth | D72: First Claim | E72: TRUE | F72: Veteran | G72: 16 | H72: 46216
A73: 1034 | B73: Fiddy | C73: Mark | D73: First Claim | E73: FALSE | F73: Senior | H73: 46216
A74: 1402 | B74: Fisher | C74: Neil | D74: First Claim | E74: FALSE | F74: Veteran | G74: 7 | H74: 46216
A75: 939 | B75: Foreman | C75: Sally | D75: First Claim | E75: TRUE | F75: Veteran | G75: 12 | H75: 46216
A76: 1377 | B76: Fraser | C76: Lucy | D76: First Claim | E76: TRUE | F76: Veteran | G76: 12 | H76: 46216
A77: 1281 | B77: Garner | C77: Gerald | D77: First Claim | E77: FALSE | F77: Veteran | G77: 19 | H77: 46216
A78: 933 | B78: Grandidge | C78: Ed | D78: First Claim | E78: FALSE | F78: Senior | H78: 46216
A79: 1274 | B79: Gowers | C79: Sophia | D79: First Claim | E79: TRUE | F79: Senior | H79: 46216
A80: 493 | B80: Halls | C80: George | D80: Honorary | E80: FALSE | F80: Veteran | G80: 37 | H80: 46216
A81: 1279 | B81: Hanner | C81: Jeffrey | D81: First Claim | E81: FALSE | F81: Veteran | G81: 4 | H81: 46216
A82: 1193 | B82: Hardwicke | C82: Richard | D82: First Claim | E82: FALSE | F82: Senior | H82: 46216
A83: 1194 | B83: Hardwicke | C83: Alex | D83: First Claim | E83: TRUE | F83: Senior | H83: 46216
A84: 1196 | B84: Hardwicke | C84: Daniel | D84: First Claim | E84: FALSE | F84: Juvenile | H84: 46216
A85: 1195 | B85: Hardwicke | C85: Charlie | D85: First Claim | E85: FALSE | F85: Juvenile | H85: 46216
A86: 1176 | B86: Harrison | C86: Rory | D86: First Claim | E86: FALSE | F86: Juvenile | H86: 46216
A87: 1174 | B87: Harrison | C87: Claire | D87: First Claim | E87: TRUE | F87: Veteran | G87: 6 | H87: 46216
A88: 1175 | B88: Harrison | C88: Richard | D88: First Claim | E88: FALSE | F88: Veteran | G88: 12 | H88: 46216
A89: 1109 | B89: Haycox | C89: Stuart | D89: First Claim | E89: FALSE | F89: Senior | H89: 46216
A90: 1073 | B90: Heald | C90: Richard | D90: First Claim | E90: FALSE | F90: Veteran | G90: 3 | H90: 46216
A91: 1400 | B91: Hernandez | C91: Elgar Aguilar | D91: First Claim | E91: FALSE | F91: Senior | H91: 46216
A92: 1367 | B92: Henderson | C92: Daniel | D92: First Claim | E92: FALSE | F92: Juvenile | H92: 46216
A93: 1366 | B93: Henderson | C93: Hannah | D93: First Claim | E93: TRUE | F93: Senior | H93: 46216
A94: 1365 | B94: Henderson | C94: Helen | D94: First Claim | E94: TRUE | F94: Veteran | G94: 7 | H94: 46216
A95: 897 | B95: Henderson | C95: Marc | D95: First Claim | E95: FALSE | F95: Veteran | G95: 13 | H95: 46216
A96: 1308 | B96: Herring | C96: Alice | D96: First Claim | E96: TRUE | F96: Veteran | G96: 2 | H96: 46216
A97: 1206 | B97: Hill | C97: Joy | D97: First Claim | E97: TRUE | F97: Veteran | G97: 8 | H97: 46216
A98: 1205 | B98: Hill | C98: Dave | D98: First Claim | E98: FALSE | F98: Veteran | G98: 14 | H98: 46216
A99: 1406 | B99: Hinxman | C99: Gavin | D99: First Claim | E99: FALSE | F99: Veteran | G99: 9 | H99: 46216
A100: 1182 | B100: Holman | C100: Neil | D100: First Claim | E100: FALSE | F100: Veteran | G100: 8 | H100: 46216
...

Sheet 0802_competitors_2026
A1: ClubNumber | B1: Surname | C1: GivenName | D1: ClaimStatus | E1: isFemale | F1: AgeGroup | G1: VetsBucket | H1: ImportDate
A2: 1327 | B2: Abbott | C2: James | D2: First Claim | E2: FALSE | F2: Senior | H2: 46236
A3: 1237 | B3: Abbott | C3: John | D3: First Claim | E3: FALSE | F3: Veteran | G3: 1 | H3: 46236
A4: 819 | B4: Akoslovski | C4: Kath | D4: First Claim | E4: TRUE | F4: Veteran | G4: 23 | H4: 46236
A5: 2 | B5: Alden | C5: Steve | D5: First Claim | E5: FALSE | F5: Veteran | G5: 21 | H5: 46236
A6: 1370 | B6: Aldridge | C6: Ian | D6: First Claim | E6: FALSE | F6: Veteran | G6: 4 | H6: 46236
A7: 1415 | B7: Aldridge | C7: James | D7: First Claim | E7: FALSE | F7: Juvenile | H7: 46236
A8: 1286 | B8: Allen | C8: Ian | D8: First Claim | E8: FALSE | F8: Veteran | G8: 13 | H8: 46236
A9: 1381 | B9: Allen | C9: Roland | D9: First Claim | E9: FALSE | F9: Senior | H9: 46236
A10: 1112 | B10: Ashwell | C10: Gary | D10: First Claim | E10: FALSE | F10: Veteran | G10: 16 | H10: 46236
A11: 1135 | B11: Askham | C11: Simon | D11: First Claim | E11: FALSE | F11: Veteran | G11: 1 | H11: 46236
A12: 1430 | B12: Bacon | C12: Gary | D12: First Claim | E12: FALSE | F12: Veteran | G12: 4 | H12: 46236
A13: 982 | B13: Bacon | C13: Steve | D13: First Claim | E13: FALSE | F13: Veteran | G13: 22 | H13: 46236
A14: 1328 | B14: Bailey | C14: Shaun | D14: First Claim | E14: FALSE | F14: Veteran | G14: 4 | H14: 46236
A15: 369 | B15: Barnett | C15: Dean | D15: First Claim | E15: FALSE | F15: Veteran | G15: 8 | H15: 46236
A16: 7 | B16: Barnett | C16: Vic | D16: Honorary | E16: FALSE | F16: Veteran | G16: 32 | H16: 46236
A17: 473 | B17: Barnett | C17: George | D17: Honorary | E17: FALSE | F17: Veteran | G17: 33 | H17: 46236
A18: 1384 | B18: Barrett | C18: Paul | D18: First Claim | E18: FALSE | F18: Veteran | G18: 30 | H18: 46236
A19: 1348 | B19: Baxter | C19: Lydia | D19: Second Claim | E19: TRUE | F19: Senior | H19: 46236
A20: 1275 | B20: Baxter | C20: Sylvia | D20: First Claim | E20: TRUE | F20: Juvenile | H20: 46236
A21: 68 | B21: Beach | C21: Ronald | D21: Honorary | E21: FALSE | F21: Veteran | G21: 35 | H21: 46236
A22: 1035 | B22: Bell | C22: Peter | D22: First Claim | E22: FALSE | F22: Veteran | G22: 6 | H22: 46236
A23: 1416 | B23: Bellamy | C23: Henry | D23: First Claim | E23: FALSE | F23: Senior | H23: 46236
A24: 1326 | B24: Bennis | C24: Laoise | D24: First Claim | E24: TRUE | F24: Senior | H24: 46236
A25: 1431 | B25: Bewick | C25: Angela | D25: First Claim | E25: TRUE | F25: Veteran | G25: 11 | H25: 46236
A26: 477 | B26: Birch | C26: Carol | D26: First Claim | E26: TRUE | F26: Veteran | G26: 34 | H26: 46236
A27: 10 | B27: Birch | C27: Dave | D27: Honorary | E27: FALSE | F27: Veteran | G27: 35 | H27: 46236
A28: 1414 | B28: Boney | C28: Allen | D28: First Claim | E28: FALSE | F28: Veteran | G28: 13 | H28: 46236
A29: 1029 | B29: Bowie | C29: Victor | D29: First Claim | E29: FALSE | F29: Veteran | G29: 28 | H29: 46236
A30: 13 | B30: Bramford | C30: Paul | D30: First Claim | E30: FALSE | F30: Veteran | G30: 28 | H30: 46236
A31: 1255 | B31: Bridgstock | C31: Anne | D31: First Claim | E31: TRUE | F31: Veteran | G31: 13 | H31: 46236
A32: 1405 | B32: Brinkman | C32: Elise | D32: First Claim | E32: TRUE | F32: Juvenile | H32: 46236
A33: 1421 | B33: Brown | C33: Gill | D33: First Claim | E33: TRUE | F33: Veteran | G33: 12 | H33: 46236
A34: 1418 | B34: Brown | C34: James | D34: First Claim | E34: FALSE | F34: Senior | H34: 46236
A35: 919 | B35: Brundell | C35: Paul | D35: First Claim | E35: FALSE | F35: Veteran | G35: 16 | H35: 46236
A36: 1436 | B36: Burbery | C36: Shaun | D36: First Claim | E36: FALSE | F36: Veteran | G36: 14 | H36: 46236
A37: 1319 | B37: Burgess | C37: Steve | D37: First Claim | E37: FALSE | F37: Veteran | G37: 9 | H37: 46236
A38: 1190 | B38: Burke | C38: Jacob | D38: First Claim | E38: FALSE | F38: Juvenile | H38: 46236
A39: 1189 | B39: Burke | C39: Max | D39: First Claim | E39: FALSE | F39: Juvenile | H39: 46236
A40: 735 | B40: Burke | C40: Michael | D40: Second Claim | E40: FALSE | F40: Senior | H40: 46236
A41: 1389 | B41: Campbell | C41: Billy | D41: First Claim | E41: FALSE | F41: Senior | H41: 46236
A42: 940 | B42: Chapman | C42: Alison | D42: First Claim | E42: TRUE | F42: Veteran | G42: 9 | H42: 46236
A43: 806 | B43: Chapman | C43: Mark | D43: First Claim | E43: FALSE | F43: Veteran | G43: 11 | H43: 46236
A44: 482 | B44: Clarke | C44: Nick | D44: First Claim | E44: FALSE | F44: Veteran | G44: 13 | H44: 46236
A45: 674 | B45: Clegg | C45: Jennifer | D45: Second Claim | E45: TRUE | F45: Veteran | G45: 23 | H45: 46236
A46: 1061 | B46: Collis | C46: Daryl | D46: First Claim | E46: FALSE | F46: Veteran | G46: 19 | H46: 46236
A47: 763 | B47: Condon | C47: Peter | D47: First Claim | E47: FALSE | F47: Veteran | G47: 17 | H47: 46236
A48: 1227 | B48: Copson | C48: Yvonne | D48: First Claim | E48: TRUE | F48: Veteran | G48: 8 | H48: 46236
A49: 715 | B49: Coulam | C49: Steven | D49: First Claim | E49: FALSE | F49: Veteran | G49: 5 | H49: 46236
A50: 567 | B50: Cox | C50: Lawrence | D50: First Claim | E50: FALSE | F50: Veteran | G50: 7 | H50: 46236
A51: 1391 | B51: Cuthbertson | C51: Leah | D51: Second Claim | E51: TRUE | F51: Senior | H51: 46236
A52: 704 | B52: Dainty | C52: Chris | D52: First Claim | E52: FALSE | F52: Veteran | G52: 21 | H52: 46236
A53: 1283 | B53: Dare | C53: Martin | D53: First Claim | E53: FALSE | F53: Veteran | G53: 18 | H53: 46236
A54: 295 | B54: Dawkins | C54: Stuart | D54: First Claim | E54: FALSE | F54: Veteran | G54: 15 | H54: 46236
A55: 1226 | B55: Dhillon | C55: Navpreet | D55: First Claim | E55: TRUE | F55: Senior | H55: 46236
A56: 1333 | B56: Dickens | C56: Graham | D56: First Claim | E56: FALSE | F56: Veteran | G56: 3 | H56: 46236
A57: 1185 | B57: Dixey | C57: Isabelle | D57: First Claim | E57: TRUE | F57: Juvenile | H57: 46236
A58: 1065 | B58: Dixey | C58: Simon | D58: First Claim | E58: FALSE | F58: Veteran | G58: 1 | H58: 46236
A59: 1407 | B59: Dobson | C59: Colin | D59: First Claim | E59: FALSE | F59: Senior | H59: 46236
A60: 701 | B60: Doherty | C60: Neil | D60: First Claim | E60: FALSE | F60: Veteran | G60: 4 | H60: 46236
A61: 1096 | B61: Durnin | C61: Nathan | D61: First Claim | E61: FALSE | F61: Juvenile | H61: 46236
A62: 1236 | B62: Durnin | C62: Clare | D62: First Claim | E62: TRUE | F62: Veteran | G62: 5 | H62: 46236
A63: 699 | B63: Durnin | C63: Jonathan | D63: First Claim | E63: FALSE | F63: Veteran | G63: 5 | H63: 46236
A64: 1288 | B64: Dyson | C64: Tyler | D64: First Claim | E64: FALSE | F64: Juvenile | H64: 46236
A65: 1429 | B65: Dyson | C65: Theo | D65: First Claim | E65: FALSE | F65: Juvenile | H65: 46236
A66: 1000 | B66: Easton | C66: Ashley | D66: First Claim | E66: FALSE | F66: Senior | H66: 46236
A67: 1332 | B67: Eaton | C67: Jo | D67: First Claim | E67: TRUE | F67: Senior | H67: 46236
A68: 682 | B68: Edmonds | C68: Lee | D68: First Claim | E68: FALSE | F68: Veteran | G68: 11 | H68: 46236
A69: 1393 | B69: Ellis | C69: Sally | D69: First Claim | E69: TRUE | F69: Veteran | G69: 10 | H69: 46236
A70: 1355 | B70: Elmer | C70: Aubrey | D70: First Claim | E70: FALSE | F70: Juvenile | H70: 46236
A71: 1164 | B71: Evans | C71: Harriet | D71: Second Claim | E71: TRUE | F71: Senior | H71: 46236
A72: 1062 | B72: Evans | C72: Mark | D72: First Claim | E72: FALSE | F72: Veteran | G72: 9 | H72: 46236
A73: 938 | B73: Evans | C73: Jane | D73: First Claim | E73: TRUE | F73: Veteran | G73: 7 | H73: 46236
A74: 1427 | B74: Evans | C74: Ruth | D74: First Claim | E74: TRUE | F74: Veteran | G74: 16 | H74: 46236
A75: 1034 | B75: Fiddy | C75: Mark | D75: First Claim | E75: FALSE | F75: Senior | H75: 46236
A76: 1402 | B76: Fisher | C76: Neil | D76: First Claim | E76: FALSE | F76: Veteran | G76: 7 | H76: 46236
A77: 939 | B77: Foreman | C77: Sally | D77: First Claim | E77: TRUE | F77: Veteran | G77: 12 | H77: 46236
A78: 1377 | B78: Fraser | C78: Lucy | D78: First Claim | E78: TRUE | F78: Veteran | G78: 12 | H78: 46236
A79: 1281 | B79: Garner | C79: Gerald | D79: First Claim | E79: FALSE | F79: Veteran | G79: 19 | H79: 46236
A80: 933 | B80: Grandidge | C80: Ed | D80: First Claim | E80: FALSE | F80: Senior | H80: 46236
A81: 1274 | B81: Gowers | C81: Sophia | D81: First Claim | E81: TRUE | F81: Senior | H81: 46236
A82: 493 | B82: Halls | C82: George | D82: Honorary | E82: FALSE | F82: Veteran | G82: 37 | H82: 46236
A83: 1279 | B83: Hanner | C83: Jeffrey | D83: First Claim | E83: FALSE | F83: Veteran | G83: 4 | H83: 46236
A84: 1193 | B84: Hardwicke | C84: Richard | D84: First Claim | E84: FALSE | F84: Senior | H84: 46236
A85: 1194 | B85: Hardwicke | C85: Alex | D85: First Claim | E85: TRUE | F85: Senior | H85: 46236
A86: 1196 | B86: Hardwicke | C86: Daniel | D86: First Claim | E86: FALSE | F86: Juvenile | H86: 46236
A87: 1195 | B87: Hardwicke | C87: Charlie | D87: First Claim | E87: FALSE | F87: Juvenile | H87: 46236
A88: 1176 | B88: Harrison | C88: Rory | D88: First Claim | E88: FALSE | F88: Juvenile | H88: 46236
A89: 1174 | B89: Harrison | C89: Claire | D89: First Claim | E89: TRUE | F89: Veteran | G89: 6 | H89: 46236
A90: 1175 | B90: Harrison | C90: Richard | D90: First Claim | E90: FALSE | F90: Veteran | G90: 12 | H90: 46236
A91: 1109 | B91: Haycox | C91: Stuart | D91: First Claim | E91: FALSE | F91: Senior | H91: 46236
A92: 1073 | B92: Heald | C92: Richard | D92: First Claim | E92: FALSE | F92: Veteran | G92: 3 | H92: 46236
A93: 1400 | B93: Hernandez | C93: Elgar Aguilar | D93: First Claim | E93: FALSE | F93: Senior | H93: 46236
A94: 1367 | B94: Henderson | C94: Daniel | D94: First Claim | E94: FALSE | F94: Juvenile | H94: 46236
A95: 1366 | B95: Henderson | C95: Hannah | D95: First Claim | E95: TRUE | F95: Senior | H95: 46236
A96: 1365 | B96: Henderson | C96: Helen | D96: First Claim | E96: TRUE | F96: Veteran | G96: 7 | H96: 46236
A97: 897 | B97: Henderson | C97: Marc | D97: First Claim | E97: FALSE | F97: Veteran | G97: 13 | H97: 46236
A98: 1308 | B98: Herring | C98: Alice | D98: First Claim | E98: TRUE | F98: Veteran | G98: 2 | H98: 46236
A99: 1206 | B99: Hill | C99: Joy | D99: First Claim | E99: TRUE | F99: Veteran | G99: 8 | H99: 46236
A100: 1205 | B100: Hill | C100: Dave | D100: First Claim | E100: FALSE | F100: Veteran | G100: 14 | H100: 46236
...

Sheet NameLookup
A1: Number | B1: Full Name
A2: =IF(ISNUMBER(Competitors!A2),Competitors!A2,"") -> 1327 | B2: =IF(A2="","",CONCATENATE(VLOOKUP(A2,Competitors!$A$2:$I$650,3,FALSE)," ",VLOOKUP(A2,Competitors!$A$2:$I$650,2,FALSE))) -> James Abbott
A3: =IF(ISNUMBER(Competitors!A3),Competitors!A3,"") -> 1237 | B3: =IF(A3="","",CONCATENATE(VLOOKUP(A3,Competitors!$A$2:$I$650,3,FALSE)," ",VLOOKUP(A3,Competitors!$A$2:$I$650,2,FALSE))) -> John Abbott
A4: =IF(ISNUMBER(Competitors!A4),Competitors!A4,"") -> 819 | B4: =IF(A4="","",CONCATENATE(VLOOKUP(A4,Competitors!$A$2:$I$650,3,FALSE)," ",VLOOKUP(A4,Competitors!$A$2:$I$650,2,FALSE))) -> Kath Akoslovski
A5: =IF(ISNUMBER(Competitors!A5),Competitors!A5,"") -> 2 | B5: =IF(A5="","",CONCATENATE(VLOOKUP(A5,Competitors!$A$2:$I$650,3,FALSE)," ",VLOOKUP(A5,Competitors!$A$2:$I$650,2,FALSE))) -> Steve Alden
A6: =IF(ISNUMBER(Competitors!A6),Competitors!A6,"") -> 1370 | B6: =IF(A6="","",CONCATENATE(VLOOKUP(A6,Competitors!$A$2:$I$650,3,FALSE)," ",VLOOKUP(A6,Competitors!$A$2:$I$650,2,FALSE))) -> Ian Aldridge
A7: =IF(ISNUMBER(Competitors!A7),Competitors!A7,"") -> 1415 | B7: =IF(A7="","",CONCATENATE(VLOOKUP(A7,Competitors!$A$2:$I$650,3,FALSE)," ",VLOOKUP(A7,Competitors!$A$2:$I$650,2,FALSE))) -> James Aldridge
A8: =IF(ISNUMBER(Competitors!A8),Competitors!A8,"") -> 1286 | B8: =IF(A8="","",CONCATENATE(VLOOKUP(A8,Competitors!$A$2:$I$650,3,FALSE)," ",VLOOKUP(A8,Competitors!$A$2:$I$650,2,FALSE))) -> Ian Allen
A9: =IF(ISNUMBER(Competitors!A9),Competitors!A9,"") -> 1381 | B9: =IF(A9="","",CONCATENATE(VLOOKUP(A9,Competitors!$A$2:$I$650,3,FALSE)," ",VLOOKUP(A9,Competitors!$A$2:$I$650,2,FALSE))) -> Roland Allen
A10: =IF(ISNUMBER(Competitors!A10),Competitors!A10,"") -> 1112 | B10: =IF(A10="","",CONCATENATE(VLOOKUP(A10,Competitors!$A$2:$I$650,3,FALSE)," ",VLOOKUP(A10,Competitors!$A$2:$I$650,2,FALSE))) -> Gary Ashwell
A11: =IF(ISNUMBER(Competitors!A11),Competitors!A11,"") -> 1135 | B11: =IF(A11="","",CONCATENATE(VLOOKUP(A11,Competitors!$A$2:$I$650,3,FALSE)," ",VLOOKUP(A11,Competitors!$A$2:$I$650,2,FALSE))) -> Simon Askham
A12: =IF(ISNUMBER(Competitors!A12),Competitors!A12,"") -> 1430 | B12: =IF(A12="","",CONCATENATE(VLOOKUP(A12,Competitors!$A$2:$I$650,3,FALSE)," ",VLOOKUP(A12,Competitors!$A$2:$I$650,2,FALSE))) -> Gary Bacon
A13: =IF(ISNUMBER(Competitors!A13),Competitors!A13,"") -> 982 | B13: =IF(A13="","",CONCATENATE(VLOOKUP(A13,Competitors!$A$2:$I$650,3,FALSE)," ",VLOOKUP(A13,Competitors!$A$2:$I$650,2,FALSE))) -> Steve Bacon
... A402: =IF(ISNUMBER(Competitors!A402),Competitors!A402,"") | B402: =IF(A402="","",CONCATENATE(VLOOKUP(A402,Competitors!$A$2:$I$650,3,FALSE)," ",VLOOKUP(A402,Competitors!$A$2:$I$650,2,FALSE)))

Sheet Calendar
A1: Event Number | B1: Date | C1: Start time | D1: Event Name | E1: Round Robin Club | F1: Miles | G1: Location / Course | H1: Hill Climb | I1: Club Championship | J1: Non-Standard 10 | K1: Evening 10 | L1: Shortened Ten | M1: Hard Ride Series | N1: Round Robin Event | O1: Sheet Name | P1: isCancelled | Q1: isPostponed
A2: 1 | B2: 46103 | C2: 0.41666667 | D2: Medbourne 9.5mile Hardride TT | F2: 9.5 | G2: Medbourne | H2: =IF($B2="","",IF(ISNUMBER(SEARCH("Hillclimb",$D2)),"Y","")) | I2: Y | J2: =IF($B2="","",IF(AND(NOT(_xlfn.ISFORMULA($F2)),$F2=10),"","Y")) -> Y | K2: =IF($B2="","",IF(AND(NOT(_xlfn.ISFORMULA($F2)),$F2=10),"Y","")) | M2: =IF($B2="","",IF(ISNUMBER(SEARCH("Hardride",$D2)),"Y","")) -> Y | O2: ="Event_" & TEXT(A2,"00") -> Event_01
A3: =A2+1 -> 2 | B3: 46110 | C3: 0.41666667 | D3: Medbourne 20mile Hardride TT | F3: 19.5 | G3: Medbourne | H3: =IF($B3="","",IF(ISNUMBER(SEARCH("Hillclimb",$D3)),"Y","")) | I3: Y | J3: =IF($B3="","",IF(AND(NOT(_xlfn.ISFORMULA($F3)),$F3=10),"","Y")) -> Y | K3: =IF($B3="","",IF(AND(NOT(_xlfn.ISFORMULA($F3)),$F3=10),"Y","")) | M3: =IF($B3="","",IF(ISNUMBER(SEARCH("Hardride",$D3)),"Y","")) -> Y | O3: ="Event_" & TEXT(A3,"00") -> Event_02
A4: =A3+1 -> 3 | B4: 46119 | C4: 0.77083333 | D4: Thorpe Langton 10mile TT | F4: 10 | G4: Thorpe Langton | H4: =IF($B4="","",IF(ISNUMBER(SEARCH("Hillclimb",$D4)),"Y","")) | I4: Y | J4: =IF($B4="","",IF(AND(NOT(_xlfn.ISFORMULA($F4)),$F4=10),"","Y")) | K4: =IF($B4="","",IF(AND(NOT(_xlfn.ISFORMULA($F4)),$F4=10),"Y","")) -> Y | M4: =IF($B4="","",IF(ISNUMBER(SEARCH("Hardride",$D4)),"Y","")) | N4: =IF($B4="","",IF(ISNUMBER(SEARCH("Hardride",$D4)),"Y","")) | O4: ="Event_" & TEXT(A4,"00") -> Event_03
A5: =A4+1 -> 4 | B5: 46126 | C5: 0.77083333 | D5: Thorpe Langton 10mile TT | F5: 10 | G5: Thorpe Langton | H5: =IF($B5="","",IF(ISNUMBER(SEARCH("Hillclimb",$D5)),"Y","")) | I5: Y | J5: =IF($B5="","",IF(AND(NOT(_xlfn.ISFORMULA($F5)),$F5=10),"","Y")) | K5: =IF($B5="","",IF(AND(NOT(_xlfn.ISFORMULA($F5)),$F5=10),"Y","")) -> Y | M5: =IF($B5="","",IF(ISNUMBER(SEARCH("Hardride",$D5)),"Y","")) | N5: =IF($B5="","",IF(ISNUMBER(SEARCH("Hardride",$D5)),"Y","")) | O5: ="Event_" & TEXT(A5,"00") -> Event_04
A6: =A5+1 -> 5 | B6: 46133 | C6: 0.77083333 | D6: Tour of the Langtons 10mile TT | F6: 10 | G6: Tour of the Langtons | H6: =IF($B6="","",IF(ISNUMBER(SEARCH("Hillclimb",$D6)),"Y","")) | I6: Y | J6: =IF($B6="","",IF(AND(NOT(_xlfn.ISFORMULA($F6)),$F6=10),"","Y")) | K6: =IF($B6="","",IF(AND(NOT(_xlfn.ISFORMULA($F6)),$F6=10),"Y","")) -> Y | M6: =IF($B6="","",IF(ISNUMBER(SEARCH("Hardride",$D6)),"Y","")) | N6: =IF($B6="","",IF(ISNUMBER(SEARCH("Hardride",$D6)),"Y","")) | O6: ="Event_" & TEXT(A6,"00") -> Event_05
A7: =A6+1 -> 6 | B7: 46145 | C7: 0.33333333 | D7: Kibworth 25mile TT | F7: 25 | G7: Kibworth | H7: =IF($B7="","",IF(ISNUMBER(SEARCH("Hillclimb",$D7)),"Y","")) | I7: Y | J7: =IF($B7="","",IF(AND(NOT(_xlfn.ISFORMULA($F7)),$F7=10),"","Y")) -> Y | K7: =IF($B7="","",IF(AND(NOT(_xlfn.ISFORMULA($F7)),$F7=10),"Y","")) | M7: =IF($B7="","",IF(ISNUMBER(SEARCH("Hardride",$D7)),"Y","")) | N7: =IF($B7="","",IF(ISNUMBER(SEARCH("Hardride",$D7)),"Y","")) | O7: ="Event_" & TEXT(A7,"00") -> Event_06
A8: =A7+1 -> 7 | B8: 46147 | C8: 0.77083333 | D8: Tur Langton/ Hallaton mile 5+5 | F8: =5+5 -> 10 | G8: Tur Langton/ Hallaton | H8: =IF($B8="","",IF(ISNUMBER(SEARCH("Hillclimb",$D8)),"Y","")) | I8: Y | J8: =IF($B8="","",IF(AND(NOT(_xlfn.ISFORMULA($F8)),$F8=10),"","Y")) -> Y | K8: =IF($B8="","",IF(AND(NOT(_xlfn.ISFORMULA($F8)),$F8=10),"Y","")) | M8: =IF($B8="","",IF(ISNUMBER(SEARCH("Hardride",$D8)),"Y","")) | N8: =IF($B8="","",IF(ISNUMBER(SEARCH("Hardride",$D8)),"Y","")) | O8: ="Event_" & TEXT(A8,"00") -> Event_07
A9: =A8+1 -> 8 | B9: 46161 | C9: 0.79166667 | D9: Thorpe Langton 10mile TT | F9: 10 | G9: Thorpe Langton | H9: =IF($B9="","",IF(ISNUMBER(SEARCH("Hillclimb",$D9)),"Y","")) | I9: Y | J9: =IF($B9="","",IF(AND(NOT(_xlfn.ISFORMULA($F9)),$F9=10),"","Y")) | K9: =IF($B9="","",IF(AND(NOT(_xlfn.ISFORMULA($F9)),$F9=10),"Y","")) -> Y | M9: =IF($B9="","",IF(ISNUMBER(SEARCH("Hardride",$D9)),"Y","")) | N9: =IF($B9="","",IF(ISNUMBER(SEARCH("Hardride",$D9)),"Y","")) | O9: ="Event_" & TEXT(A9,"00") -> Event_08
A10: =A9+1 -> 9 | B10: 46166 | C10: 0.33333333 | D10: Kibworth 25mile TT | F10: 25 | G10: Kibworth | H10: =IF($B10="","",IF(ISNUMBER(SEARCH("Hillclimb",$D10)),"Y","")) | I10: Y | J10: =IF($B10="","",IF(AND(NOT(_xlfn.ISFORMULA($F10)),$F10=10),"","Y")) -> Y | K10: =IF($B10="","",IF(AND(NOT(_xlfn.ISFORMULA($F10)),$F10=10),"Y","")) | M10: =IF($B10="","",IF(ISNUMBER(SEARCH("Hardride",$D10)),"Y","")) | N10: =IF($B10="","",IF(ISNUMBER(SEARCH("Hardride",$D10)),"Y","")) | O10: ="Event_" & TEXT(A10,"00") -> Event_09
A11: =A10+1 -> 10 | B11: 46175 | C11: 0.8125 | D11: Kibworth 10mile TT | F11: 10 | G11: Kibworth | H11: =IF($B11="","",IF(ISNUMBER(SEARCH("Hillclimb",$D11)),"Y","")) | I11: Y | J11: =IF($B11="","",IF(AND(NOT(_xlfn.ISFORMULA($F11)),$F11=10),"","Y")) | K11: =IF($B11="","",IF(AND(NOT(_xlfn.ISFORMULA($F11)),$F11=10),"Y","")) -> Y | M11: =IF($B11="","",IF(ISNUMBER(SEARCH("Hardride",$D11)),"Y","")) | N11: =IF($B11="","",IF(ISNUMBER(SEARCH("Hardride",$D11)),"Y","")) | O11: ="Event_" & TEXT(A11,"00") -> Event_10
A12: =A11+1 -> 11 | B12: 46189 | C12: 0.8125 | D12: Kibworth 10mile TT | F12: 10 | G12: Kibworth | H12: =IF($B12="","",IF(ISNUMBER(SEARCH("Hillclimb",$D12)),"Y","")) | I12: Y | J12: =IF($B12="","",IF(AND(NOT(_xlfn.ISFORMULA($F12)),$F12=10),"","Y")) | K12: =IF($B12="","",IF(AND(NOT(_xlfn.ISFORMULA($F12)),$F12=10),"Y","")) -> Y | M12: =IF($B12="","",IF(ISNUMBER(SEARCH("Hardride",$D12)),"Y","")) | N12: =IF($B12="","",IF(ISNUMBER(SEARCH("Hardride",$D12)),"Y","")) | O12: ="Event_" & TEXT(A12,"00") -> Event_11
A13: =A12+1 -> 12 | B13: 46194 | C13: 0.79166667 | D13: Interclub Rockingham FW 25mile TT | F13: 25 | G13: Kibworth | H13: =IF($B13="","",IF(ISNUMBER(SEARCH("Hillclimb",$D13)),"Y","")) | I13: Y | J13: =IF($B13="","",IF(AND(NOT(_xlfn.ISFORMULA($F13)),$F13=10),"","Y")) -> Y | K13: =IF($B13="","",IF(AND(NOT(_xlfn.ISFORMULA($F13)),$F13=10),"Y","")) | M13: =IF($B13="","",IF(ISNUMBER(SEARCH("Hardride",$D13)),"Y","")) | N13: =IF($B13="","",IF(ISNUMBER(SEARCH("Hardride",$D13)),"Y","")) | O13: ="Event_" & TEXT(A13,"00") -> Event_12
A14: =A13+1 -> 13 | B14: 46203 | C14: 0.79166667 | D14: Lubenham 10mile Round Robin TT | E14: WVCC | F14: 10 | G14: Lubenham | H14: =IF($B14="","",IF(ISNUMBER(SEARCH("Hillclimb",$D14)),"Y","")) | I14: Y | J14: =IF($B14="","",IF(AND(NOT(_xlfn.ISFORMULA($F14)),$F14=10),"","Y")) | K14: =IF($B14="","",IF(AND(NOT(_xlfn.ISFORMULA($F14)),$F14=10),"Y","")) -> Y | M14: =IF($B14="","",IF(ISNUMBER(SEARCH("Hardride",$D14)),"Y","")) | N14: Y | O14: ="Event_" & TEXT(A14,"00") -> Event_13
A15: =A14+1 -> 14 | B15: 46205 | C15: 0.79166667 | D15: Lamport 10mile Round Robin TT | E15: KCC | F15: 10 | G15: Lamport | H15: =IF($B15="","",IF(ISNUMBER(SEARCH("Hillclimb",$D15)),"Y","")) | I15: Y | J15: =IF($B15="","",IF(AND(NOT(_xlfn.ISFORMULA($F15)),$F15=10),"","Y")) | K15: =IF($B15="","",IF(AND(NOT(_xlfn.ISFORMULA($F15)),$F15=10),"Y","")) -> Y | M15: =IF($B15="","",IF(ISNUMBER(SEARCH("Hardride",$D15)),"Y","")) | N15: Y | O15: ="Event_" & TEXT(A15,"00") -> Event_14
A16: =A15+1 -> 15 | B16: 46211 | C16: 0.79166667 | D16: Caldecott 10mile Round Robin TT | E16: RFW | F16: 10 | G16: Caldecott | H16: =IF($B16="","",IF(ISNUMBER(SEARCH("Hillclimb",$D16)),"Y","")) | I16: Y | J16: =IF($B16="","",IF(AND(NOT(_xlfn.ISFORMULA($F16)),$F16=10),"","Y")) | K16: =IF($B16="","",IF(AND(NOT(_xlfn.ISFORMULA($F16)),$F16=10),"Y","")) -> Y | M16: =IF($B16="","",IF(ISNUMBER(SEARCH("Hardride",$D16)),"Y","")) | N16: Y | O16: ="Event_" & TEXT(A16,"00") -> Event_15
A17: =A16+1 -> 16 | B17: 46214 | C17: 0.45833333 | D17: Gilmorton 10mile Round Robin TT | E17: Ratae | F17: 6.35 | G17: Gilmorton | H17: =IF($B17="","",IF(ISNUMBER(SEARCH("Hillclimb",$D17)),"Y","")) | I17: Y | K17: Y | L17: Y | M17: =IF($B17="","",IF(ISNUMBER(SEARCH("Hardride",$D17)),"Y","")) | N17: Y | O17: ="Event_" & TEXT(A17,"00") -> Event_16
A18: =A17+1 -> 17 | B18: 46217 | C18: 0.79166667 | D18: Wolvey 10mile Round Robin TT | E18: HCRC | F18: 10 | G18: Wolvey | H18: =IF($B18="","",IF(ISNUMBER(SEARCH("Hillclimb",#REF!)),"Y","")) | I18: Y | J18: =IF($B18="","",IF(AND(NOT(_xlfn.ISFORMULA($F18)),$F18=10),"","Y")) | K18: =IF($B18="","",IF(AND(NOT(_xlfn.ISFORMULA($F18)),$F18=10),"Y","")) -> Y | M18: =IF($B18="","",IF(ISNUMBER(SEARCH("Hardride",$D18)),"Y","")) | N18: Y | O18: ="Event_" & TEXT(A18,"00") -> Event_17
A19: =A18+1 -> 18 | B19: 46224 | C19: 0.79166667 | D19: Wymeswold 10mile Round Robin TT | E19: LFCC | F19: 10 | G19: Wymeswold | H19: =IF($B19="","",IF(ISNUMBER(SEARCH("Hillclimb",$D19)),"Y","")) | I19: Y | J19: =IF($B19="","",IF(AND(NOT(_xlfn.ISFORMULA($F19)),$F19=10),"","Y")) | K19: =IF($B19="","",IF(AND(NOT(_xlfn.ISFORMULA($F19)),$F19=10),"Y","")) -> Y | M19: =IF($B19="","",IF(ISNUMBER(SEARCH("Hardride",$D19)),"Y","")) | N19: Y | O19: ="Event_" & TEXT(A19,"00") -> Event_18
A20: =A19+1 -> 19 | B20: 46228 | C20: 0.45833333 | D20: Gilmorton 10mile Round Robin TT | E20: Ratae | F20: 10 | G20: Gilmorton | H20: =IF($B20="","",IF(ISNUMBER(SEARCH("Hillclimb",$D20)),"Y","")) | I20: Y | J20: =IF($B20="","",IF(AND(NOT(_xlfn.ISFORMULA($F20)),$F20=10),"","Y")) | K20: =IF($B20="","",IF(AND(NOT(_xlfn.ISFORMULA($F20)),$F20=10),"Y","")) -> Y | M20: =IF($B20="","",IF(ISNUMBER(SEARCH("Hardride",$D20)),"Y","")) | N20: Y | O20: ="Event_" & TEXT(A20,"00") -> Event_19
A21: =A20+1 -> 20 | B21: 46231 | C21: 0.79166667 | D21: Wolvey 10mile Round Robin TT | E21: HCRC | F21: 10 | G21: Wolvey | H21: =IF($B21="","",IF(ISNUMBER(SEARCH("Hillclimb",$D21)),"Y","")) | I21: Y | J21: =IF($B21="","",IF(AND(NOT(_xlfn.ISFORMULA($F21)),$F21=10),"","Y")) | K21: =IF($B21="","",IF(AND(NOT(_xlfn.ISFORMULA($F21)),$F21=10),"Y","")) -> Y | M21: =IF($B21="","",IF(ISNUMBER(SEARCH("Hardride",$D21)),"Y","")) | N21: Y | O21: ="Event_" & TEXT(A21,"00") -> Event_20
A22: =A21+1 -> 21 | B22: 46238 | C22: 0.79166667 | D22: Lubenham 10mile Round Robin TT | E22: WVCC | F22: 10 | G22: Lubenham | H22: =IF($B22="","",IF(ISNUMBER(SEARCH("Hillclimb",$D22)),"Y","")) | I22: Y | J22: =IF($B22="","",IF(AND(NOT(_xlfn.ISFORMULA($F22)),$F22=10),"","Y")) | K22: =IF($B22="","",IF(AND(NOT(_xlfn.ISFORMULA($F22)),$F22=10),"Y","")) -> Y | M22: =IF($B22="","",IF(ISNUMBER(SEARCH("Hardride",$D22)),"Y","")) | N22: Y | O22: ="Event_" & TEXT(A22,"00") -> Event_21
A23: =A22+1 -> 22 | B23: 46247 | C23: 0.79166667 | D23: Lamport 10mile Round Robin TT | E23: KCC | F23: 10 | G23: Lamport | H23: =IF($B23="","",IF(ISNUMBER(SEARCH("Hillclimb",$D23)),"Y","")) | I23: Y | J23: =IF($B23="","",IF(AND(NOT(_xlfn.ISFORMULA($F23)),$F23=10),"","Y")) | K23: =IF($B23="","",IF(AND(NOT(_xlfn.ISFORMULA($F23)),$F23=10),"Y","")) -> Y | M23: =IF($B23="","",IF(ISNUMBER(SEARCH("Hardride",$D23)),"Y","")) | N23: Y | O23: ="Event_" & TEXT(A23,"00") -> Event_22
A24: =A23+1 -> 23 | B24: 46252 | C24: 0.79166667 | D24: Wymeswold 10mile Round Robin TT | E24: LFCC | F24: 10 | G24: Wymeswold | H24: =IF($B24="","",IF(ISNUMBER(SEARCH("Hillclimb",$D24)),"Y","")) | I24: Y | J24: =IF($B24="","",IF(AND(NOT(_xlfn.ISFORMULA($F24)),$F24=10),"","Y")) | K24: =IF($B24="","",IF(AND(NOT(_xlfn.ISFORMULA($F24)),$F24=10),"Y","")) -> Y | M24: =IF($B24="","",IF(ISNUMBER(SEARCH("Hardride",$D24)),"Y","")) | N24: Y | O24: ="Event_" & TEXT(A24,"00") -> Event_23
A25: =A24+1 -> 24 | B25: 46260 | C25: 0.80208333 | D25: Caldecott 10mile Round Robin TT | E25: RFW | F25: 10 | G25: Caldecott | H25: =IF($B25="","",IF(ISNUMBER(SEARCH("Hillclimb",$D25)),"Y","")) | I25: Y | J25: =IF($B25="","",IF(AND(NOT(_xlfn.ISFORMULA($F25)),$F25=10),"","Y")) | K25: =IF($B25="","",IF(AND(NOT(_xlfn.ISFORMULA($F25)),$F25=10),"Y","")) -> Y | M25: =IF($B25="","",IF(ISNUMBER(SEARCH("Hardride",$D25)),"Y","")) | N25: Y | O25: ="Event_" & TEXT(A25,"00") -> Event_24
A26: =A25+1 -> 25 | B26: 46264 | C26: 0.79166667 | D26: Walcote 25mile TT Hardride | F26: 25 | G26: Walcote | H26: =IF($B26="","",IF(ISNUMBER(SEARCH("Hillclimb",$D26)),"Y","")) | I26: Y | J26: =IF($B26="","",IF(AND(NOT(_xlfn.ISFORMULA($F26)),$F26=10),"","Y")) -> Y | K26: =IF($B26="","",IF(AND(NOT(_xlfn.ISFORMULA($F26)),$F26=10),"Y","")) | M26: =IF($B26="","",IF(ISNUMBER(SEARCH("Hardride",$D26)),"Y","")) -> Y | O26: ="Event_" & TEXT(A26,"00") -> Event_25 | P26: Y
A27: =A26+1 -> 26 | B27: 46292 | C27: 0.375 | D27: Interclub Hillclimb KCC | F27: 1.24 | G27: Nevill Holt - from Drayton | H27: =IF($B27="","",IF(ISNUMBER(SEARCH("Hillclimb",$D27)),"Y","")) -> Y | I27: Y | J27: =IF($B27="","",IF(AND(NOT(_xlfn.ISFORMULA($F27)),$F27=10),"","Y")) -> Y | K27: =IF($B27="","",IF(AND(NOT(_xlfn.ISFORMULA($F27)),$F27=10),"Y","")) | M27: =IF($B27="","",IF(ISNUMBER(SEARCH("Hardride",$D27)),"Y","")) | N27: =IF($B27="","",IF(ISNUMBER(SEARCH("Hardride",$D27)),"Y","")) | O27: ="Event_" & TEXT(A27,"00") -> Event_26
A28: =A27+1 -> 27 | B28: 46382 | C28: 0.41666667 | D28: Boxing Day 10 | F28: 10 | G28: Thorpe Langton | H28: =IF($B28="","",IF(ISNUMBER(SEARCH("Hillclimb",$D28)),"Y","")) | J28: =IF($B28="","",IF($F28=10,"","Y")) | K28: =IF($B28="","",IF(AND(NOT(_xlfn.ISFORMULA($F28)),$F28=10),"Y","")) -> Y | M28: =IF($B28="","",IF(ISNUMBER(SEARCH("Hardride",$D28)),"Y","")) | N28: =IF($B28="","",IF(ISNUMBER(SEARCH("Hardride",$D28)),"Y","")) | O28: ="Event_" & TEXT(A28,"00") -> Event_27

Sheet Leagues
A1: ClubNumber | B1: ClubMemberName | C1: LeagueDivision
A2: =IF(ISBLANK(B2),"",_xlfn.XLOOKUP(B2,ClubNames,ClubNumbers)) -> 1094 | B2: Andy Poulton | C2: Prem
A3: =IF(ISBLANK(B3),"",_xlfn.XLOOKUP(B3,ClubNames,ClubNumbers)) -> 747 | B3: James Moore | C3: Prem
A4: =IF(ISBLANK(B4),"",_xlfn.XLOOKUP(B4,ClubNames,ClubNumbers)) -> 407 | B4: Hans van Nierop | C4: Prem
A5: =IF(ISBLANK(B5),"",_xlfn.XLOOKUP(B5,ClubNames,ClubNumbers)) -> 1144 | B5: Jamie Kershaw | C5: Prem
A6: =IF(ISBLANK(B6),"",_xlfn.XLOOKUP(B6,ClubNames,ClubNumbers)) -> 989 | B6: Jason Williams | C6: Prem
A7: =IF(ISBLANK(B7),"",_xlfn.XLOOKUP(B7,ClubNames,ClubNumbers)) -> 699 | B7: Jonathan Durnin | C7: Prem
A8: =IF(ISBLANK(B8),"",_xlfn.XLOOKUP(B8,ClubNames,ClubNumbers)) -> 1161 | B8: Maciej Suchocki | C8: Prem
A9: =IF(ISBLANK(B9),"",_xlfn.XLOOKUP(B9,ClubNames,ClubNumbers)) -> 38 | B9: Phil Rayner | C9: Prem
A10: =IF(ISBLANK(B10),"",_xlfn.XLOOKUP(B10,ClubNames,ClubNumbers)) -> 1152 | B10: Ruby Isaac | C10: Prem
A11: =IF(ISBLANK(B11),"",_xlfn.XLOOKUP(B11,ClubNames,ClubNumbers)) -> 1355 | B11: Aubrey Elmer | C11: 1
A12: =IF(ISBLANK(B12),"",_xlfn.XLOOKUP(B12,ClubNames,ClubNumbers)) -> 756 | B12: Josh van Nierop | C12: 1
A13: =IF(ISBLANK(B13),"",_xlfn.XLOOKUP(B13,ClubNames,ClubNumbers)) -> 1192 | B13: Dale Norris | C13: 1
A14: =IF(ISBLANK(B14),"",_xlfn.XLOOKUP(B14,ClubNames,ClubNumbers)) -> 415 | B14: Nik Kershaw | C14: 1
A15: =IF(ISBLANK(B15),"",_xlfn.XLOOKUP(B15,ClubNames,ClubNumbers)) -> 1407 | B15: Colin Dobson | C15: 1
A16: =IF(ISBLANK(B16),"",_xlfn.XLOOKUP(B16,ClubNames,ClubNumbers)) -> 35 | B16: Matt Plews | C16: 1
A17: =IF(ISBLANK(B17),"",_xlfn.XLOOKUP(B17,ClubNames,ClubNumbers)) -> 1024 | B17: Jax Roberts | C17: 1
A18: =IF(ISBLANK(B18),"",_xlfn.XLOOKUP(B18,ClubNames,ClubNumbers)) -> 1418 | B18: James Brown | C18: 1
A19: =IF(ISBLANK(B19),"",_xlfn.XLOOKUP(B19,ClubNames,ClubNumbers)) -> 1055 | B19: Austin Smith | C19: 1
A20: =IF(ISBLANK(B20),"",_xlfn.XLOOKUP(B20,ClubNames,ClubNumbers)) -> 915 | B20: Julian Twynham | C20: 1
A21: =IF(ISBLANK(B21),"",_xlfn.XLOOKUP(B21,ClubNames,ClubNumbers)) -> 1237 | B21: John Abbott | C21: 2
A22: =IF(ISBLANK(B22),"",_xlfn.XLOOKUP(B22,ClubNames,ClubNumbers)) -> 1107 | B22: Milly Pinnock | C22: 2
... A49: =IF(ISBLANK(B49),"",_xlfn.XLOOKUP(B49,ClubNames,ClubNumbers)) -> 295 | B49: Stuart Dawkins | C49: 4
A50: =IF(ISBLANK(B50),"",_xlfn.XLOOKUP(B50,ClubNames,ClubNumbers)) -> 967 | B50: Daniel McDonnell | C50: Prem
A51: =IF(ISBLANK(B51),"",_xlfn.XLOOKUP(B51,ClubNames,ClubNumbers)) -> 120 | B51: Linda Hubbard | C51: 2
A52: =IF(ISBLANK(B52),"",_xlfn.XLOOKUP(B52,ClubNames,ClubNumbers)) -> 715 | B52: Steven Coulam | C52: 3
A53: =IF(ISBLANK(B53),"",_xlfn.XLOOKUP(B53,ClubNames,ClubNumbers)) -> 742 | B53: Claire Moore | C53: 4
A54: =IF(ISBLANK(B54),"",_xlfn.XLOOKUP(B54,ClubNames,ClubNumbers)) -> 7 | B54: Vic Barnett | C54: 4
A55: =IF(ISBLANK(B55),"",_xlfn.XLOOKUP(B55,ClubNames,ClubNumbers))
A56: =IF(ISBLANK(B56),"",_xlfn.XLOOKUP(B56,ClubNames,ClubNumbers))
A57: =IF(ISBLANK(B57),"",_xlfn.XLOOKUP(B57,ClubNames,ClubNumbers))
A58: =IF(ISBLANK(B58),"",_xlfn.XLOOKUP(B58,ClubNames,ClubNumbers))
A59: =IF(ISBLANK(B59),"",_xlfn.XLOOKUP(B59,ClubNames,ClubNumbers))
A60: =IF(ISBLANK(B60),"",_xlfn.XLOOKUP(B60,ClubNames,ClubNumbers))
A61: =IF(ISBLANK(B61),"",_xlfn.XLOOKUP(B61,ClubNames,ClubNumbers))
A62: =IF(ISBLANK(B62),"",_xlfn.XLOOKUP(B62,ClubNames,ClubNumbers))
A63: =IF(ISBLANK(B63),"",_xlfn.XLOOKUP(B63,ClubNames,ClubNumbers))
A64: =IF(ISBLANK(B64),"",_xlfn.XLOOKUP(B64,ClubNames,ClubNumbers))
A65: =IF(ISBLANK(B65),"",_xlfn.XLOOKUP(B65,ClubNames,ClubNumbers))
A66: =IF(ISBLANK(B66),"",_xlfn.XLOOKUP(B66,ClubNames,ClubNumbers))
... A101: =IF(ISBLANK(B101),"",_xlfn.XLOOKUP(B101,ClubNames,ClubNumbers))

Sheet RoundRobinRiders
A1: Name | B1: Club | C1: Decorated Name | D1: isFemale
A2: Carl Dyson | B2: Aerologic | C2: =IF(ISBLANK(B2), IF(ISBLANK(A2),"",A2), _xlfn.CONCAT(A2," (",B2,")")) -> Carl Dyson (Aerologic) | H2: Derek Lawlor
A3: Tommy Nolan | B3: Ashby ICC | C3: =IF(ISBLANK(B3), IF(ISBLANK(A3),"",A3), _xlfn.CONCAT(A3," (",B3,")")) -> Tommy Nolan (Ashby ICC) | H3: Tyler Dyson
A4: Daniel Town | B4: Beeston CC | C4: =IF(ISBLANK(B4),IF(ISBLANK(A4),"",A4),_xlfn.CONCAT(A4," (",B4,")")) -> Daniel Town (Beeston CC) | H4: Robert Mitchell
A5: Marc Fairclough | B5: Beeston RC | C5: =IF(ISBLANK(B5),IF(ISBLANK(A5),"",A5),_xlfn.CONCAT(A5," (",B5,")")) -> Marc Fairclough (Beeston RC)
A6: David Marshall | B6: Bluelight CC | C6: =IF(ISBLANK(B6),IF(ISBLANK(A6),"",A6),_xlfn.CONCAT(A6," (",B6,")")) -> David Marshall (Bluelight CC)
A7: Ali Nurgat | B7: BOB CC | C7: =IF(ISBLANK(B7),IF(ISBLANK(A7),"",A7),_xlfn.CONCAT(A7," (",B7,")")) -> Ali Nurgat (BOB CC)
A8: Mohammed Nurgat | B8: BOB CC | C8: =IF(ISBLANK(B8),IF(ISBLANK(A8),"",A8),_xlfn.CONCAT(A8," (",B8,")")) -> Mohammed Nurgat (BOB CC)
A9: Shareeq S. Shaikh | B9: BOB CC | C9: =IF(ISBLANK(B9),IF(ISBLANK(A9),"",A9),_xlfn.CONCAT(A9," (",B9,")")) -> Shareeq S. Shaikh (BOB CC)
A10: Andrea Winkless | B10: Coalville Wheelers | C10: =IF(ISBLANK(B10),IF(ISBLANK(A10),"",A10),_xlfn.CONCAT(A10," (",B10,")")) -> Andrea Winkless (Coalville Wheelers) | D10: Y
A11: David Alexander | B11: Coalville Wheelers | C11: =IF(ISBLANK(B11),IF(ISBLANK(A11),"",A11),_xlfn.CONCAT(A11," (",B11,")")) -> David Alexander (Coalville Wheelers)
A12: James Dexter | B12: Coalville Wheelers | C12: =IF(ISBLANK(B12),IF(ISBLANK(A12),"",A12),_xlfn.CONCAT(A12," (",B12,")")) -> James Dexter (Coalville Wheelers)
A13: John Capel | B13: Coalville Wheelers | C13: =IF(ISBLANK(B13),IF(ISBLANK(A13),"",A13),_xlfn.CONCAT(A13," (",B13,")")) -> John Capel (Coalville Wheelers)
A14: Pamela Moore | B14: Coalville Wheelers | C14: =IF(ISBLANK(B14),IF(ISBLANK(A14),"",A14),_xlfn.CONCAT(A14," (",B14,")")) -> Pamela Moore (Coalville Wheelers) | D14: Y
A15: Alex Williamson | B15: Cov Tri | C15: =IF(ISBLANK(B15),IF(ISBLANK(A15),"",A15),_xlfn.CONCAT(A15," (",B15,")")) -> Alex Williamson (Cov Tri)
A16: David Melhuish | B16: Cov Tri | C16: =IF(ISBLANK(B16),IF(ISBLANK(A16),"",A16),_xlfn.CONCAT(A16," (",B16,")")) -> David Melhuish (Cov Tri)
A17: Jayne Mumford (W) | B17: Cov Tri | C17: =IF(ISBLANK(B17),IF(ISBLANK(A17),"",A17),_xlfn.CONCAT(A17," (",B17,")")) -> Jayne Mumford (W) (Cov Tri) | D17: Y
A18: Simon Clarke | B18: Cov Tri | C18: =IF(ISBLANK(B18),IF(ISBLANK(A18),"",A18),_xlfn.CONCAT(A18," (",B18,")")) -> Simon Clarke (Cov Tri)
A19: Lydia Baxter | B19: FTP Fusion | C19: =IF(ISBLANK(B19),IF(ISBLANK(A19),"",A19),_xlfn.CONCAT(A19," (",B19,")")) -> Lydia Baxter (FTP Fusion) | D19: Y
A20: Muhammad Sheikh | B20: Gapped RT | C20: =IF(ISBLANK(B20),IF(ISBLANK(A20),"",A20),_xlfn.CONCAT(A20," (",B20,")")) -> Muhammad Sheikh (Gapped RT)
A21: Umair Nurgat | B21: Gapped RT | C21: =IF(ISBLANK(B21),IF(ISBLANK(A21),"",A21),_xlfn.CONCAT(A21," (",B21,")")) -> Umair Nurgat (Gapped RT)
A22: Andy Thomas | B22: HCRC | C22: =IF(ISBLANK(B22),IF(ISBLANK(A22),"",A22),_xlfn.CONCAT(A22," (",B22,")")) -> Andy Thomas (HCRC)
A23: Colin Parkinson (SWRC) | B23: HCRC | C23: =IF(ISBLANK(B23),IF(ISBLANK(A23),"",A23),_xlfn.CONCAT(A23," (",B23,")")) -> Colin Parkinson (SWRC) (HCRC)
A24: Joe Murray (M.I. Racing) | B24: HCRC | C24: =IF(ISBLANK(B24),IF(ISBLANK(A24),"",A24),_xlfn.CONCAT(A24," (",B24,")")) -> Joe Murray (M.I. Racing) (HCRC)
A25: Mick Wills (M.I. Racing) | B25: HCRC | C25: =IF(ISBLANK(B25),IF(ISBLANK(A25),"",A25),_xlfn.CONCAT(A25," (",B25,")")) -> Mick Wills (M.I. Racing) (HCRC)
A26: Steve Evans | B26: HCRC | C26: =IF(ISBLANK(B26),IF(ISBLANK(A26),"",A26),_xlfn.CONCAT(A26," (",B26,")")) -> Steve Evans (HCRC)
A27: Andy King | B27: KCC | C27: =IF(ISBLANK(B27),IF(ISBLANK(A27),"",A27),_xlfn.CONCAT(A27," (",B27,")")) -> Andy King (KCC)
A28: Antony Brown | B28: KCC | C28: =IF(ISBLANK(B28),IF(ISBLANK(A28),"",A28),_xlfn.CONCAT(A28," (",B28,")")) -> Antony Brown (KCC)
A29: Damian Ciesielski | B29: KCC | C29: =IF(ISBLANK(B29),IF(ISBLANK(A29),"",A29),_xlfn.CONCAT(A29," (",B29,")")) -> Damian Ciesielski (KCC)
A30: Evan Collett (George Fox CS) | B30: KCC | C30: =IF(ISBLANK(B30),IF(ISBLANK(A30),"",A30),_xlfn.CONCAT(A30," (",B30,")")) -> Evan Collett (George Fox CS) (KCC)
A31: Ian Bird | B31: KCC | C31: =IF(ISBLANK(B31),IF(ISBLANK(A31),"",A31),_xlfn.CONCAT(A31," (",B31,")")) -> Ian Bird (KCC)
... A33: Josh Brown | B33: KCC | C33: =IF(ISBLANK(B33),IF(ISBLANK(A33),"",A33),_xlfn.CONCAT(A33," (",B33,")")) -> Josh Brown (KCC)
A34: Maria Cayford | B34: KCC | C34: =IF(ISBLANK(B34),IF(ISBLANK(A34),"",A34),_xlfn.CONCAT(A34," (",B34,")")) -> Maria Cayford (KCC) | D34: Y
A35: Michael Wheeler | B35: KCC | C35: =IF(ISBLANK(B35),IF(ISBLANK(A35),"",A35),_xlfn.CONCAT(A35," (",B35,")")) -> Michael Wheeler (KCC)
A36: Nick Gallimore | B36: KCC | C36: =IF(ISBLANK(B36),IF(ISBLANK(A36),"",A36),_xlfn.CONCAT(A36," (",B36,")")) -> Nick Gallimore (KCC)
A37: Dave Tomlinson | B37: LFCC | C37: =IF(ISBLANK(B37),IF(ISBLANK(A37),"",A37),_xlfn.CONCAT(A37," (",B37,")")) -> Dave Tomlinson (LFCC)
A38: Eric Fullerton | B38: LFCC | C38: =IF(ISBLANK(B38),IF(ISBLANK(A38),"",A38),_xlfn.CONCAT(A38," (",B38,")")) -> Eric Fullerton (LFCC)
A39: Harriet Hughes (Beeston CC) | B39: LFCC | C39: =IF(ISBLANK(B39),IF(ISBLANK(A39),"",A39),_xlfn.CONCAT(A39," (",B39,")")) -> Harriet Hughes (Beeston CC) (LFCC) | D39: Y
A40: Jeff Jones | B40: LFCC | C40: =IF(ISBLANK(B40),IF(ISBLANK(A40),"",A40),_xlfn.CONCAT(A40," (",B40,")")) -> Jeff Jones (LFCC)
A41: Josh Jones | B41: LFCC | C41: =IF(ISBLANK(B41),IF(ISBLANK(A41),"",A41),_xlfn.CONCAT(A41," (",B41,")")) -> Josh Jones (LFCC)
A42: Joshua Jones | B42: LFCC | C42: =IF(ISBLANK(B42),IF(ISBLANK(A42),"",A42),_xlfn.CONCAT(A42," (",B42,")")) -> Joshua Jones (LFCC)
A43: Mat Mabe | B43: LFCC | C43: =IF(ISBLANK(B43),IF(ISBLANK(A43),"",A43),_xlfn.CONCAT(A43," (",B43,")")) -> Mat Mabe (LFCC)
A44: Matt Finch | B44: LFCC | C44: =IF(ISBLANK(B44),IF(ISBLANK(A44),"",A44),_xlfn.CONCAT(A44," (",B44,")")) -> Matt Finch (LFCC)
A45: Matt Law | B45: LFCC | C45: =IF(ISBLANK(B45),IF(ISBLANK(A45),"",A45),_xlfn.CONCAT(A45," (",B45,")")) -> Matt Law (LFCC)
A46: Morris Mabe | B46: LFCC | C46: =IF(ISBLANK(B46),IF(ISBLANK(A46),"",A46),_xlfn.CONCAT(A46," (",B46,")")) -> Morris Mabe (LFCC)
A47: Pietro Saman | B47: LFCC | C47: =IF(ISBLANK(B47),IF(ISBLANK(A47),"",A47),_xlfn.CONCAT(A47," (",B47,")")) -> Pietro Saman (LFCC)
A48: Sam Nettel | B48: LFCC | C48: =IF(ISBLANK(B48),IF(ISBLANK(A48),"",A48),_xlfn.CONCAT(A48," (",B48,")")) -> Sam Nettel (LFCC)
A49: Simon Jones | B49: LFCC | C49: =IF(ISBLANK(B49),IF(ISBLANK(A49),"",A49),_xlfn.CONCAT(A49," (",B49,")")) -> Simon Jones (LFCC)
A50: Steve Walsh | B50: LFCC | C50: =IF(ISBLANK(B50),IF(ISBLANK(A50),"",A50),_xlfn.CONCAT(A50," (",B50,")")) -> Steve Walsh (LFCC)
A51: Talles Medevives | B51: LFCC | C51: =IF(ISBLANK(B51),IF(ISBLANK(A51),"",A51),_xlfn.CONCAT(A51," (",B51,")")) -> Talles Medevives (LFCC)
... A61: Juraj Rys | B61: MOCC | C61: =IF(ISBLANK(B61),IF(ISBLANK(A61),"",A61),_xlfn.CONCAT(A61," (",B61,")")) -> Juraj Rys (MOCC)
A62: Laura Ayres | B62: MOCC | C62: =IF(ISBLANK(B62),IF(ISBLANK(A62),"",A62),_xlfn.CONCAT(A62," (",B62,")")) -> Laura Ayres (MOCC) | D62: Y
A63: Max Wren | B63: MOCC | C63: =IF(ISBLANK(B63),IF(ISBLANK(A63),"",A63),_xlfn.CONCAT(A63," (",B63,")")) -> Max Wren (MOCC)
A64: Joseph Hyde | B64: Numplumz | C64: =IF(ISBLANK(B64),IF(ISBLANK(A64),"",A64),_xlfn.CONCAT(A64," (",B64,")")) -> Joseph Hyde (Numplumz)
A65: Lewis Cooper | B65: RAF Tri | C65: =IF(ISBLANK(B65),IF(ISBLANK(A65),"",A65),_xlfn.CONCAT(A65," (",B65,")")) -> Lewis Cooper (RAF Tri)
A66: Alex Whitmore | B66: Ratae | C66: =IF(ISBLANK(B66),IF(ISBLANK(A66),"",A66),_xlfn.CONCAT(A66," (",B66,")")) -> Alex Whitmore (Ratae)
A67: Brian Lincoln | B67: Ratae | C67: =IF(ISBLANK(B67),IF(ISBLANK(A67),"",A67),_xlfn.CONCAT(A67," (",B67,")")) -> Brian Lincoln (Ratae)
A68: Brigitte Gaillard | B68: Ratae | C68: =IF(ISBLANK(B68),IF(ISBLANK(A68),"",A68),_xlfn.CONCAT(A68," (",B68,")")) -> Brigitte Gaillard (Ratae) | D68: Y
A69: Chris Bonsor | B69: Ratae | C69: =IF(ISBLANK(B69),IF(ISBLANK(A69),"",A69),_xlfn.CONCAT(A69," (",B69,")")) -> Chris Bonsor (Ratae)
A70: Chris Spray | B70: Ratae | C70: =IF(ISBLANK(B70),IF(ISBLANK(A70),"",A70),_xlfn.CONCAT(A70," (",B70,")")) -> Chris Spray (Ratae)
A71: Debbie Cooper | B71: Ratae | C71: =IF(ISBLANK(B71),IF(ISBLANK(A71),"",A71),_xlfn.CONCAT(A71," (",B71,")")) -> Debbie Cooper (Ratae) | D71: Y
A72: Ed Watson | B72: Ratae | C72: =IF(ISBLANK(B72),IF(ISBLANK(A72),"",A72),_xlfn.CONCAT(A72," (",B72,")")) -> Ed Watson (Ratae)
A73: Geoff Stanbridge (Fenland Clarion) | B73: Ratae | C73: =IF(ISBLANK(B73),IF(ISBLANK(A73),"",A73),_xlfn.CONCAT(A73," (",B73,")")) -> Geoff Stanbridge (Fenland Clarion) (Ratae)
A74: Jim Smith | B74: Ratae | C74: =IF(ISBLANK(B74),IF(ISBLANK(A74),"",A74),_xlfn.CONCAT(A74," (",B74,")")) -> Jim Smith (Ratae)
A75: Jonathon Clarke | B75: Ratae | C75: =IF(ISBLANK(B75),IF(ISBLANK(A75),"",A75),_xlfn.CONCAT(A75," (",B75,")")) -> Jonathon Clarke (Ratae)
A76: Karl Williams | B76: Ratae | C76: =IF(ISBLANK(B76),IF(ISBLANK(A76),"",A76),_xlfn.CONCAT(A76," (",B76,")")) -> Karl Williams (Ratae)
A77: Lesley Allden | B77: Ratae | C77: =IF(ISBLANK(B77),IF(ISBLANK(A77),"",A77),_xlfn.CONCAT(A77," (",B77,")")) -> Lesley Allden (Ratae) | D77: Y
A78: Lucy Sturgess | B78: Ratae | C78: =IF(ISBLANK(B78),IF(ISBLANK(A78),"",A78),_xlfn.CONCAT(A78," (",B78,")")) -> Lucy Sturgess (Ratae) | D78: Y
A79: Mark Marmoy | B79: Ratae | C79: =IF(ISBLANK(B79),IF(ISBLANK(A79),"",A79),_xlfn.CONCAT(A79," (",B79,")")) -> Mark Marmoy (Ratae)
A80: Mark Newton | B80: Ratae | C80: =IF(ISBLANK(B80),IF(ISBLANK(A80),"",A80),_xlfn.CONCAT(A80," (",B80,")")) -> Mark Newton (Ratae)
A81: Marshall Briggs | B81: Ratae | C81: =IF(ISBLANK(B81),IF(ISBLANK(A81),"",A81),_xlfn.CONCAT(A81," (",B81,")")) -> Marshall Briggs (Ratae)
A82: Natalie Harris | B82: Ratae | C82: =IF(ISBLANK(B82),IF(ISBLANK(A82),"",A82),_xlfn.CONCAT(A82," (",B82,")")) -> Natalie Harris (Ratae) | D82: Y
A83: Nikki Allen | B83: Ratae | C83: =IF(ISBLANK(B83),IF(ISBLANK(A83),"",A83),_xlfn.CONCAT(A83," (",B83,")")) -> Nikki Allen (Ratae) | D83: Y
A84: Paul Eden | B84: Ratae | C84: =IF(ISBLANK(B84),IF(ISBLANK(A84),"",A84),_xlfn.CONCAT(A84," (",B84,")")) -> Paul Eden (Ratae)
A85: Peter Kott | B85: Ratae | C85: =IF(ISBLANK(B85),IF(ISBLANK(A85),"",A85),_xlfn.CONCAT(A85," (",B85,")")) -> Peter Kott (Ratae)
A86: Sadie Murphy | B86: Ratae | C86: =IF(ISBLANK(B86),IF(ISBLANK(A86),"",A86),_xlfn.CONCAT(A86," (",B86,")")) -> Sadie Murphy (Ratae) | D86: Y
A87: Sally Richards | B87: Ratae | C87: =IF(ISBLANK(B87),IF(ISBLANK(A87),"",A87),_xlfn.CONCAT(A87," (",B87,")")) -> Sally Richards (Ratae) | D87: Y
A88: Steve Pearce | B88: Ratae | C88: =IF(ISBLANK(B88),IF(ISBLANK(A88),"",A88),_xlfn.CONCAT(A88," (",B88,")")) -> Steve Pearce (Ratae)
A89: Sue Bonsor | B89: Ratae | C89: =IF(ISBLANK(B89),IF(ISBLANK(A89),"",A89),_xlfn.CONCAT(A89," (",B89,")")) -> Sue Bonsor (Ratae) | D89: Y
A90: Adam Wells | B90: RFW | C90: =IF(ISBLANK(B90),IF(ISBLANK(A90),"",A90),_xlfn.CONCAT(A90," (",B90,")")) -> Adam Wells (RFW)
A91: Alex Barrowman | B91: RFW | C91: =IF(ISBLANK(B91),IF(ISBLANK(A91),"",A91),_xlfn.CONCAT(A91," (",B91,")")) -> Alex Barrowman (RFW)
A92: Anne Gilhespy | B92: RFW | C92: =IF(ISBLANK(B92),IF(ISBLANK(A92),"",A92),_xlfn.CONCAT(A92," (",B92,")")) -> Anne Gilhespy (RFW) | D92: Y
A93: Chris Fowler | B93: RFW | C93: =IF(ISBLANK(B93),IF(ISBLANK(A93),"",A93),_xlfn.CONCAT(A93," (",B93,")")) -> Chris Fowler (RFW)
A94: Dan Hempkin | B94: RFW | C94: =IF(ISBLANK(B94),IF(ISBLANK(A94),"",A94),_xlfn.CONCAT(A94," (",B94,")")) -> Dan Hempkin (RFW)
A95: David Hill | B95: RFW | C95: =IF(ISBLANK(B95),IF(ISBLANK(A95),"",A95),_xlfn.CONCAT(A95," (",B95,")")) -> David Hill (RFW)
A96: Ethan Mitchell-Clarke (Team Bottrill Nopinz) | B96: RFW | C96: =IF(ISBLANK(B96),IF(ISBLANK(A96),"",A96),_xlfn.CONCAT(A96," (",B96,")")) -> Ethan Mitchell-Clarke (Team Bottrill Nopinz) (RFW)
A97: Giles Brook | B97: RFW | C97: =IF(ISBLANK(B97),IF(ISBLANK(A97),"",A97),_xlfn.CONCAT(A97," (",B97,")")) -> Giles Brook (RFW)
A98: Giles Cooper | B98: RFW | C98: =IF(ISBLANK(B98),IF(ISBLANK(A98),"",A98),_xlfn.CONCAT(A98," (",B98,")")) -> Giles Cooper (RFW)
A99: Graeme Hall | B99: RFW | C99: =IF(ISBLANK(B99),IF(ISBLANK(A99),"",A99),_xlfn.CONCAT(A99," (",B99,")")) -> Graeme Hall (RFW)
A100: Gregg Payne | B100: RFW | C100: =IF(ISBLANK(B100),IF(ISBLANK(A100),"",A100),_xlfn.CONCAT(A100," (",B100,")")) -> Gregg Payne (RFW)
A101: Hudson Hendry (Ride Revolution) | B101: RFW | C101: =IF(ISBLANK(B101),IF(ISBLANK(A101),"",A101),_xlfn.CONCAT(A101," (",B101,")")) -> Hudson Hendry (Ride Revolution) (RFW)
A102: Laurence Noble | B102: RFW | C102: =IF(ISBLANK(B102),IF(ISBLANK(A102),"",A102),_xlfn.CONCAT(A102," (",B102,")")) -> Laurence Noble (RFW)
A103: Lynne Scofield | B103: RFW | C103: =IF(ISBLANK(B103),IF(ISBLANK(A103),"",A103),_xlfn.CONCAT(A103," (",B103,")")) -> Lynne Scofield (RFW) | D103: Y
